4,Central 1,522103,PSSB PUCHONG,622104,PUCHONG,Brh,3S,209,114.21,113.11,151.28,,86.41,122.08,108.11,2946,112.40,115.55,160.77,193.48,152.83,134.02,44.71,76.08,39.49,115.56,A,A,16,2
3,Central 1,522102,PSSB PETALING JAYA,622102,PETALING JAYA,Brh,3S,276,115.97,133.63,144.93,,81.68,153.75,47.92,3737,102.22,101.75,162.47,152.81,104.09,134.27,54.87,71.47,40.05,111.52,A,A,28,3
29,Central 1,121049,G-MART HOLDINGS SDN BHD (RAWANG),221123,G-MART HOLDINGS SDN BHD (RAWANG),Dlr,3S,202,102.54,157.82,128.66,,85.94,111.25,0.00,2953,124.86,124.39,108.81,169.91,138.84,194.41,52.29,71.84,38.09,109.93,A,A,33,4
36,Central 1,121047,G-MART HOLDINGS SDN BHD (KAJANG),221081,G-MART HOLDINGS SDN BHD (KAJANG),Dlr,3S,184,105.75,122.19,129.31,,30.77,46.25,0.00,3295,118.61,132.80,167.25,162.44,155.44,194.87,53.24,60.73,41.37,102.11,A,A,52,5
22,Central 1,121172,DMM SALES SDN BHD (SHAH ALAM),221027,DMM SALES SDN BHD (SHAH ALAM),Dlr,3S,171,113.25,123.36,128.31,,62.22,100.00,0.00,2579,112.87,121.43,150.49,100.29,116.32,181.82,40.93,62.95,38.18,101.13,A,A,54,6
37,Central 1,121178,LON G SETIA AUTO SDN. BHD.,222111,LON G SETIA AUTO SDN BHD,Dlr,3S,160,102.56,119.83,143.48,,32.00,19.17,0.00,1955,149.81,127.00,131.93,135.46,99.33,183.67,46.39,59.58,39.83,99.40,A,A,64,7
35,Central 1,121113,JIWA PANDUAN SDN BHD,221108,JIWA PANDUAN SDN BHD,Dlr,3S,129,104.03,113.72,105.06,,102.70,104.44,0.00,2251,110.83,111.71,111.11,91.72,114.55,198.20,54.73,62.82,35.81,98.63,A,A,67,8
26,Central 1,121175,MOTORS CONFIDENCE (KS) SDN BHD,221112,MOTORS CONFIDENCE (M) SDN BHD (KUALA SELANGOR),Dlr,3S,437,105.30,107.25,143.60,,33.33,80.00,0.00,1590,113.98,96.82,121.31,55.27,110.86,200.00,47.79,54.88,40.31,95.19,A,A,82,9
28,Central 1,121169,SYY HOLDINGS SDN BHD,221117,S.Y.Y. HOLDINGS SDN BHD,Dlr,3S,225,100.90,116.98,112.94,,37.33,41.88,0.00,1815,114.80,117.31,173.19,94.49,142.01,186.49,47.39,56.09,38.52,94.62,A,A,83,10
54,Central 1,121173,IGREEN AUTOMOBILE SDN BHD,221124,IGREEN AUTOMOBILE SDN BHD,Dlr,3S,418,100.00,105.54,111.45,,19.69,28.75,0.00,1261,152.66,119.90,100.00,141.21,91.95,200.00,58.75,57.76,36.60,94.36,A,A,85,11
32,Central 1,121074,DMM SALES SDN BHD(CHAN SOW LIN),222112,DMM SALES SDN BHD (CHAN SOW LIN),Dlr,3S,123,82.55,98.50,144.38,,60.00,78.33,0.00,1399,100.07,89.93,131.06,74.80,95.98,187.76,46.84,50.81,40.16,90.97,A,C,96,12
27,Central 1,121050,MOTORS CONFIDENCE(M) SB,221028,MOTORS CONFIDENCE (M) SDN BHD  ,Dlr,3S,524,109.17,110.55,146.53,,40.29,114.38,0.00,1582,113.41,88.22,98.82,60.71,87.85,77.14,32.01,57.46,31.11,88.57,A,A,100,13
105,Central 1,122159,G-MART HOLDINGS SDN BHD (HULU LANGAT),221109,G-MART HOLDINGS SDN BHD (HULU LANGAT),Dlr,3S,54,120.00,144.67,0.00,,0.00,0.00,0.00,1332,122.99,117.92,103.52,116.66,113.87,64.44,45.37,57.02,14.38,71.40,B,B,121,15
92,Central 1,121181,YONG MOTOR SDN BHD,221017,YONG MOTOR KAJANG SDN BHD,Dlr,3S,52,115.56,72.11,0.00,,0.00,0.00,0.00,1431,112.32,109.74,65.75,108.55,95.64,200.00,52.84,46.86,20.42,67.28,D,D,129,16
51,Central 1,121174,HAJOON SDN BHD BATU CAVES (BTC),221121,HAJOON SDN BHD (BATU CAVES),Dlr,3S,122,102.52,130.47,121.82,,23.26,15.56,0.00,104,40.73,29.61,94.65,148.33,93.50,0.00,0.00,42.69,19.89,62.58,D,D,131,17
1,Central 1,522104,PSSB KLANG,622103,BUKIT RAJA,Brh,1+2S,95,105.56,139.12,120.06,,114.55,105.33,111.11,2827,107.04,110.44,186.17,154.86,118.38,198.40,52.59,75.19,41.34,116.53,A,A,12,1
34,Central 1,122062,I G ENTERPRISE SDN BHD,222036,I.G. ENTERPRISE SDN BHD  ,Dlr,1+2S,175,104.17,129.48,142.72,,33.85,54.17,0.00,2222,109.35,99.37,83.59,98.02,113.10,71.25,52.33,56.19,32.02,88.22,A,A,102,14
63,Central 1,121052,PROMACRO SDN BHD,222222,,Dlr,1S,154,100.00,149.92,127.92,,175.00,351.67,0.00,0,0.00,0.00,0.00,0.00,0.00,0.00,0.00,97.29,38.38,135.66,A,B,1,1
7,Central 1,522201,PERODUA KL,666666,,Brh,1S,137,105.38,154.96,158.87,,111.94,123.37,100.00,0,0.00,0.00,0.00,0.00,0.00,0.00,0.00,82.53,47.66,130.19,A,A,3,2
9,Central 1,522110,PSSB KAJANG PRIMA,666666,,Brh,1S,133,111.76,191.99,137.45,,102.56,112.92,108.33,0,0.00,0.00,0.00,0.00,0.00,0.00,0.00,88.14,41.24,129.38,A,A,4,3
8,Central 1,522108,PSSB DAMANSARA DAMAI,666666,,Brh,1S,165,105.10,144.02,125.37,,110.11,132.20,122.58,0,0.00,0.00,0.00,0.00,0.00,0.00,0.00,84.84,37.61,122.45,A,A,7,4
47,Central 1,121111,DMM SALES SDN BHD(SG BULUH),222222,,Dlr,1S,145,106.62,133.08,138.44,,86.84,92.22,0.00,0,0.00,0.00,0.00,0.00,0.00,0.00,0.00,59.82,41.53,101.35,C,C,19,5
44,Central 1,121071,DMM SALES SDN BHD(AMPANG),222222,,Dlr,1S,117,100.00,126.48,132.98,,52.78,100.00,0.00,0,0.00,0.00,0.00,0.00,0.00,0.00,0.00,54.75,39.89,94.64,C,C,22,6
59,Central 1,122109,ONE-BUILTWELL SDN BHD,222222,,Dlr,1S,115,101.77,149.63,152.92,,21.05,35.00,0.00,0,0.00,0.00,0.00,0.00,0.00,0.00,0.00,48.21,45.88,94.08,C,C,25,7
72,Central 1,121168,YAUMAN AUTO SDN BHD,222222,,Dlr,1S,107,100.00,137.72,135.73,,2.86,6.67,0.00,0,0.00,0.00,0.00,0.00,0.00,0.00,0.00,41.28,40.72,82.00,C,C,36,8
45,Central 1,121075,DMM SALES SDN BHD(BSP),222222,,Dlr,1S,103,91.15,96.62,122.00,,45.45,75.56,0.00,0,0.00,0.00,0.00,0.00,0.00,0.00,0.00,45.37,36.60,81.97,C,C,37,9
74,Central 1,122067,ZAMAHAN SDN BHD (109503-K),222222,,Dlr,1S,183,102.23,111.02,125.69,,28.00,36.67,0.00,0,0.00,0.00,0.00,0.00,0.00,0.00,0.00,43.80,37.71,81.51,C,C,38,10
67,Central 1,121146,SILVER TOOLS (M) SDN BHD,222222,,Dlr,1S,111,96.52,95.60,114.86,,37.50,37.78,0.00,0,0.00,0.00,0.00,0.00,0.00,0.00,0.00,41.56,34.46,76.02,D,C,50,11
64,Central 1,122151,PUSPA CANGGIH SDN BHD,222222,,Dlr,1S,143,102.14,110.04,110.46,,25.64,27.78,0.00,0,0.00,0.00,0.00,0.00,0.00,0.00,0.00,42.46,33.14,75.60,D,D,51,12
73,Central 1,121054,YBK SERVICES SDN BHD,222222,,Dlr,1S,98,85.22,82.96,114.27,,37.14,68.33,0.00,0,0.00,0.00,0.00,0.00,0.00,0.00,0.00,40.58,34.28,74.87,D,D,53,13
53,Central 1,122153,HAJOON SDN BHD PANDAN INDAH (PI),222222,,Dlr,1S,185,102.21,110.48,113.85,,12.68,7.50,0.00,0,0.00,0.00,0.00,0.00,0.00,0.00,0.00,39.05,34.15,73.20,D,C,54,14
71,Central 1,121103,WRC AUTO SDN BHD,222222,,Dlr,1S,101,84.17,123.66,63.79,,48.65,63.33,0.00,0,0.00,0.00,0.00,0.00,0.00,0.00,0.00,46.75,19.14,65.88,D,D,58,15
58,Central 1,121162,MKS AUTO SDN BHD,222222,,Dlr,1S,116,102.65,91.83,54.55,,20.45,71.67,0.00,0,0.00,0.00,0.00,0.00,0.00,0.00,0.00,44.09,16.37,60.45,D,D,62,16
60,Central 1,121143,OTOMOBIL SEPADU SDN BHD,222222,,Dlr,1S,128,107.56,147.79,45.72,,14.63,17.78,0.00,0,0.00,0.00,0.00,0.00,0.00,0.00,0.00,46.68,13.72,60.40,D,D,63,17
62,Central 1,121057,PANTAS MOTORS (M) SDN BHD,222222,,Dlr,1S,93,87.74,87.00,55.81,,26.47,48.33,0.00,0,0.00,0.00,0.00,0.00,0.00,0.00,0.00,38.46,16.74,55.20,D,D,65,18
87,Central 1,221048,,221048,KEAN TAT CAR SERVICES SDN BHD,Dlr,2S,0,0.00,0.00,0.00,,0.00,0.00,0.00,971,107.77,117.87,192.46,143.85,111.90,200.00,39.33,70.71,40.84,111.54,A,B,6,1
84,Central 1,221021,,221021,DASUKI MOTORS SDN. BHD.,Dlr,2S,0,0.00,0.00,0.00,,0.00,0.00,0.00,1713,106.73,119.43,150.37,130.08,103.54,200.00,56.67,68.90,41.63,110.53,A,A,7,2
76,Central 1,221022,,221022,AAW SOLUTIONS SDN BHD,Dlr,2S,0,0.00,0.00,0.00,,0.00,0.00,0.00,2101,101.50,107.48,187.87,126.35,104.60,197.98,54.96,64.85,44.06,108.91,A,A,8,3
17,Central 1,622101,,622101,SUBANG JAYA,Brh,2S,0,0.00,0.00,0.00,,0.00,0.00,0.00,2613,101.59,105.09,144.58,140.13,112.91,199.11,52.49,66.28,40.09,106.37,A,B,10,4
13,Central 1,622201,,622201,KEPONG,Brh,2S,0,0.00,0.00,0.00,,0.00,0.00,0.00,2252,100.31,97.31,154.49,138.63,115.50,190.91,52.33,64.28,40.19,104.47,A,A,11,5
78,Central 1,221113,,221113,ACCESSCORP AUTOMOBILE SDN BHD (SUB OUTLET),Dlr,2S,0,0.00,0.00,0.00,,0.00,0.00,0.00,1009,118.01,114.68,164.79,137.04,163.47,77.55,59.58,75.81,33.69,109.50,B,B,19,6
12,Central 1,622202,,622202,CHERAS,Brh,2S,0,0.00,0.00,0.00,,0.00,0.00,0.00,2297,114.91,113.19,175.22,184.52,143.79,80.28,47.35,77.40,31.80,109.20,B,B,20,7
15,Central 1,622204,,622204,SEGAMBUT,Brh,2S,0,0.00,0.00,0.00,,0.00,0.00,0.00,2041,111.11,107.69,134.26,148.81,118.57,198.65,51.15,69.91,38.91,108.82,B,B,21,8
91,Central 1,221018,,221018,SYARIKAT PERNIAGAAN SOON LEE,Dlr,2S,0,0.00,0.00,0.00,,0.00,0.00,0.00,1963,132.55,111.99,96.05,99.59,175.12,200.00,38.55,75.46,32.94,108.40,B,B,23,9
89,Central 1,222084,,222084,SERI KEMBANGAN AUTO SDN BHD,Dlr,2S,0,0.00,0.00,0.00,,0.00,0.00,0.00,745,103.04,140.95,200.54,124.73,97.43,75.00,33.36,72.37,30.05,102.42,B,B,39,10
77,Central 1,222053,,222053,ACCESSCORP AUTOMOBILE SDN BHD,Dlr,2S,0,0.00,0.00,0.00,,0.00,0.00,0.00,943,115.85,108.89,121.63,93.94,122.64,182.22,45.89,66.48,35.32,101.80,B,B,42,11
79,Central 1,221055,,221055,ANM AUTOMOBILE SDN BHD.,Dlr,2S,0,0.00,0.00,0.00,,0.00,0.00,0.00,918,94.64,125.15,124.17,100.11,85.85,181.82,55.78,63.81,37.87,101.68,B,B,44,12
81,Central 1,222032,,222032,BENGKEL ANDA  AUTO SERVIS,Dlr,2S,0,0.00,0.00,0.00,,0.00,0.00,0.00,1279,100.08,102.77,124.29,134.21,98.70,194.74,47.32,63.64,36.88,100.52,B,B,46,13
90,Central 1,222108,,222108,SUPER-SKILL AUTOMOBILE,Dlr,2S,0,0.00,0.00,0.00,,0.00,0.00,0.00,1168,101.04,108.69,145.45,117.97,104.09,134.04,52.73,64.26,35.01,99.27,B,B,50,14
14,Central 1,622203,,622203,KERAMAT,Brh,2S,0,0.00,0.00,0.00,,0.00,0.00,0.00,2352,101.60,101.94,143.44,141.24,124.24,86.00,53.30,66.65,31.15,97.79,B,B,51,15
80,Central 1,222071,,222071,ASJATI SDN. BHD.,Dlr,2S,0,0.00,0.00,0.00,,0.00,0.00,0.00,1263,102.43,102.15,101.33,90.47,112.79,193.44,49.49,61.25,35.46,96.71,B,B,54,16
88,Central 1,221020,,221020,SOONG MENG MOTOR SDN BHD,Dlr,2S,0,0.00,0.00,0.00,,0.00,0.00,0.00,986,102.07,101.82,85.30,102.95,76.64,190.91,50.37,58.97,34.19,93.16,B,B,62,17
82,Central 1,222034,,222034,BUMIVIN HOLDINGS  (M) SDN BHD,Dlr,2S,0,0.00,0.00,0.00,,0.00,0.00,0.00,779,100.65,89.99,66.67,104.00,100.89,200.00,54.13,58.15,34.32,92.48,B,B,64,18
83,Central 1,222033,,222033,COMMECTS (M) SDN BHD,Dlr,2S,0,0.00,0.00,0.00,,0.00,0.00,0.00,828,100.49,102.73,111.11,119.20,131.03,77.78,46.28,65.26,26.22,91.48,B,B,68,19
86,Central 1,221049,,221049,FRONTLINE MOTOR SDN BHD,Dlr,2S,0,0.00,0.00,0.00,,0.00,0.00,0.00,1523,99.54,106.11,101.86,144.42,87.30,79.37,41.28,64.24,24.40,88.64,B,B,71,20
85,Central 1,221083,,221083,DC AUTO SERVICES SDN BHD,Dlr,2S,0,0.00,0.00,0.00,,0.00,0.00,0.00,1318,108.21,99.30,101.51,123.26,93.70,55.38,52.58,62.84,25.17,88.01,B,B,73,21
16,Central 1,622206,,622206,SS QSS B.CAVES,Brh,2S,0,0.00,0.00,0.00,,0.00,0.00,0.00,820,101.36,109.54,113.88,0.00,0.00,184.21,53.44,44.53,36.67,81.21,D,D,79,22
6,Central 2,522106,PSSB GLENMARIE,622106,GLENMARIE,Brh,3S,184,114.29,185.11,157.48,,101.94,145.83,46.88,3347,108.21,110.62,160.62,163.48,125.27,193.33,54.00,79.10,44.49,123.59,A,A,3,1
2,Central 2,522105,PSSB PUTRA JAYA,622105,PUTRAJAYA,Brh,1+2S,185,104.52,120.69,125.86,,85.87,102.30,100.00,2670,125.59,123.48,191.16,158.00,172.24,195.56,52.99,75.16,42.21,117.37,A,A,9,2
43,Central 2,121167,YUSMANIDA AUTO SDN BHD,221101,YUSMANIDA AUTO SDN BHD,Dlr,3S,158,101.28,102.46,147.70,,85.11,144.44,100.00,3002,106.38,109.49,169.39,113.16,119.12,196.19,53.67,69.51,43.86,113.38,A,A,22,3
20,Central 2,122068,ALLY SALES SDN BHD,222117,ACCESSCORP AUTOMOBILE SDN BHD (KG.BARU),Dlr,3S,114,100.88,95.36,110.29,,5.00,14.44,16.67,965,137.46,115.07,152.61,133.17,156.71,195.83,189.60,55.79,55.03,110.82,A,A,31,4
23,Central 2,121084,DMM SALES SDN BHD(SELAYANG),221042,DMM SALES SDN BHD (SELAYANG),Dlr,1+2S,156,113.87,137.39,161.80,,144.90,111.67,0.00,1167,101.04,91.15,142.02,54.54,88.09,192.00,48.34,65.61,43.28,108.89,A,A,36,5
25,Central 2,121116,EXCELLENT DEAL (M) SDN BHD,221118,EXCELLENT DEAL (M) SDN BHD,Dlr,1+2S,205,100.00,111.89,144.45,,50.00,76.25,0.00,2136,137.28,152.84,163.19,125.76,191.01,189.80,52.72,65.22,42.69,107.91,A,A,39,6
75,Central 2,121056,ZUMITAS SDN BHD,221122,ZUMITAS SDN BHD,Dlr,3S,174,106.10,115.59,133.33,,22.00,37.50,0.00,817,137.08,120.97,94.11,170.14,159.19,194.74,56.40,61.39,38.41,99.79,A,A,58,7
42,Central 2,141147,TAKZIM DINAMIK SDN BHD,221116,TAKZIM DINAMIK SDN BHD,Dlr,3S,139,101.46,107.73,125.38,,59.18,78.89,0.00,1610,112.75,139.57,162.45,117.61,129.35,186.96,49.99,59.89,39.83,99.71,A,A,62,8
30,Central 2,121042,AUTOCRAFT MOTOR CARRIAGES SB,221025,AUTOCRAFT MOTOR CARRIAGES SDN BHD,Dlr,3S,287,101.06,117.73,122.19,,47.17,106.25,0.00,1907,107.26,107.90,63.55,84.40,103.66,132.24,126.35,58.15,40.72,98.87,A,A,65,9
24,Central 2,121094,DMM SALES SDN BHD(SERI KEM),222037,DMM SALES SDN BHD (SERI KEMBANGAN),Dlr,3S,187,101.08,113.52,152.22,,26.09,42.50,0.00,2071,114.80,116.69,151.82,111.17,140.84,198.54,47.06,55.57,42.81,98.38,A,A,69,10
21,Central 2,121176,DC AUTO SERVICES SDN BHD,221120,DC AUTO SERVICES SDN BHD (SUNGAI TUA),Dlr,3S,218,107.39,112.08,157.13,,20.31,16.25,0.00,1421,121.14,117.46,107.97,98.35,119.80,200.00,52.09,53.92,41.80,95.72,A,A,80,11
33,Central 2,121072,DMM SALES SDN BHD(PJ),221038,DMM SALES SDN BHD (PETALING JAYA),Dlr,1+2S,151,111.03,150.61,130.79,,65.22,50.83,0.00,1094,101.11,80.01,151.01,56.19,60.07,135.71,58.03,56.18,38.18,94.37,A,A,84,12
39,Central 2,121170,NAGOYA AUTOMOBILE MALAYSIA HOLDING SDN BHD,221105,NAGOYA AUTOMOBILE MALAYSIA HOLDING SDN. BHD.,Dlr,3S,181,100.56,92.63,135.01,,39.29,67.50,0.00,2047,108.14,109.70,124.15,99.49,121.15,185.29,52.96,53.84,39.27,93.11,A,A,89,13
40,Central 2,121096,PB MOTOR SDN BHD,221090,P.B. MOTOR SDN. BHD.,Dlr,3S,235,101.29,95.89,122.25,,80.60,123.13,0.00,1399,95.95,93.45,31.75,75.26,118.07,189.83,50.45,57.55,32.79,90.34,A,A,97,14
31,Central 2,121108,BAKATEAM SDN BHD,222116,BAKATEAM SDN BHD,Dlr,3S,189,103.85,104.49,130.82,,21.31,17.50,0.00,1676,106.08,124.39,93.24,119.95,135.36,188.89,43.95,52.34,36.22,88.56,A,A,101,15
41,Central 2,121180,ROHAMAS PRO AUTOSERV SDN BHD,222109,ROHAMAS PRO AUTOSERV SDN.BHD,Dlr,3S,91,101.11,108.53,114.08,,0.00,13.33,0.00,1036,117.46,118.96,114.37,114.16,120.54,200.00,50.75,51.36,36.70,88.05,A,C,103,16
44,Central 2,121182,YUSMANIDA AUTO SDN BHD (PUNCAK ALAM),221125,YUSMANIDA AUTO SDN BHD (PUNCAK ALAM),Dlr,3S,49,108.89,88.04,0.00,,0.00,0.00,0.00,857,116.92,130.57,196.24,169.75,149.95,200.00,0.00,52.57,20.80,73.38,B,D,119,17
55,Central 2,121046,JAHIM AUTO SDN BHD,221127,JAHIM AUTO SDN BHD,Dlr,3S,107,85.60,91.49,119.04,,23.26,36.67,0.00,578,110.52,96.60,110.76,110.95,99.86,200.00,0.00,48.30,30.90,79.20,C,D,125,18
38,Central 2,121177,MERPATI AUTO SERVICES SDN BHD,221088,MERPATI AUTO SERVICES SDN BHD,Dlr,3S,142,105.19,109.44,130.18,,0.00,7.78,0.00,1276,100.47,106.31,122.10,80.60,98.52,62.79,49.89,47.19,31.77,78.95,C,D,126,19
5,Central 2,522205,PSSB BALAKONG,666666,,Brh,1S,126,104.13,182.06,137.49,,82.18,101.67,66.67,0,0.00,0.00,0.00,0.00,0.00,0.00,0.00,75.99,41.25,117.24,A,A,9,1
11,Central 2,522111,PSSB PANDAN PRIMA,666666,,Brh,1S,117,111.43,129.09,142.15,,76.19,89.24,109.52,0,0.00,0.00,0.00,0.00,0.00,0.00,0.00,74.18,42.65,116.82,A,A,10,2
10,Central 2,522109,PSSB KOTA DAMANSARA,666666,,Brh,1S,106,92.98,132.60,141.36,,72.31,102.15,60.87,0,0.00,0.00,0.00,0.00,0.00,0.00,0.00,64.93,42.41,107.34,A,A,13,3
46,Central 2,121073,DMM SALES SDN BHD(MID VALLEY),222222,,Dlr,1S,160,104.58,139.36,148.30,,77.55,81.67,0.00,0,0.00,0.00,0.00,0.00,0.00,0.00,0.00,58.19,44.49,102.68,C,C,17,4
68,Central 2,122065,SUASA SURIA SDN BHD,222222,,Dlr,1S,120,110.09,138.20,141.16,,33.33,37.78,0.00,0,0.00,0.00,0.00,0.00,0.00,0.00,0.00,49.93,42.35,92.28,C,C,27,5
61,Central 2,121044,P2 AUTOMOBILE SDN BHD,222222,,Dlr,1S,127,103.25,141.92,127.67,,51.22,56.67,0.00,0,0.00,0.00,0.00,0.00,0.00,0.00,0.00,52.88,38.30,91.18,C,C,29,6
65,Central 2,121112,RANGKA RAYA SDN BHD,222222,,Dlr,1S,137,101.48,126.51,118.13,,39.13,93.33,0.00,0,0.00,0.00,0.00,0.00,0.00,0.00,0.00,52.93,35.44,88.37,C,D,30,7
57,Central 2,122114,MERPATI HASIL SDN BHD,222222,,Dlr,1S,234,106.36,101.59,134.74,,42.03,32.50,0.00,0,0.00,0.00,0.00,0.00,0.00,0.00,0.00,44.38,40.42,84.81,C,C,33,8
56,Central 2,121163,KOBUDI SDN BHD,222222,,Dlr,1S,193,100.00,103.66,123.02,,44.12,41.88,0.00,0,0.00,0.00,0.00,0.00,0.00,0.00,0.00,44.54,36.91,81.45,C,D,39,9
49,Central 2,122152,FARESH MOTOR (M) SDN BHD,222222,,Dlr,1S,102,73.91,88.53,148.40,,20.51,38.89,0.00,0,0.00,0.00,0.00,0.00,0.00,0.00,0.00,34.15,44.52,78.67,C,C,41,10
52,Central 2,122154,HAJOON SDN BHD KERAMAT (KMT),222222,,Dlr,1S,127,103.25,104.91,126.08,,18.42,10.00,0.00,0,0.00,0.00,0.00,0.00,0.00,0.00,0.00,39.35,37.82,77.18,C,C,44,11
50,Central 2,121045,G.A. TRADING SDN BHD,222222,,Dlr,1S,138,101.47,118.64,126.64,,0.00,0.00,0.00,0,0.00,0.00,0.00,0.00,0.00,0.00,0.00,37.92,37.99,75.91,C,C,46,12
70,Central 2,122130,VISTA SURGE SDN BHD,222222,,Dlr,1S,93,103.33,146.58,111.50,,23.68,26.67,0.00,0,0.00,0.00,0.00,0.00,0.00,0.00,0.00,47.51,33.45,80.96,D,D,48,13
66,Central 2,121053,RODA KAYANGAN SALES SDN BHD,222222,,Dlr,1S,171,102.40,104.47,113.31,,39.58,57.78,0.00,0,0.00,0.00,0.00,0.00,0.00,0.00,0.00,46.35,33.99,80.34,D,D,49,14
106,Central 2,122156,INGRESS MOTORS SDN BHD,222222,,Dlr,1S,91,101.11,93.57,102.44,,0.00,1.67,0.00,0,0.00,0.00,0.00,0.00,0.00,0.00,0.00,34.51,30.73,65.24,D,D,59,15
69,Central 2,122066,UB AUTOMOBILE SDN BHD,222222,,Dlr,1S,111,100.00,111.49,45.53,,29.03,70.00,0.00,0,0.00,0.00,0.00,0.00,0.00,0.00,0.00,47.01,13.66,60.66,D,D,61,16
48,Central 2,121141,EDENIA SDN BHD,222222,,Dlr,1S,98,89.09,99.83,56.72,,20.00,23.33,0.00,0,0.00,0.00,0.00,0.00,0.00,0.00,0.00,37.24,17.02,54.25,D,D,66,17
18,Central 2,622108,,622108,KLANG2,Brh,2S,0,0.00,0.00,0.00,,0.00,0.00,0.00,1669,104.77,111.29,101.15,145.26,178.34,200.00,116.41,74.69,52.03,126.72,A,A,4,1
102,Central 2,221051,,221051,SENTELL JAYA SDN BHD,Dlr,2S,0,0.00,0.00,0.00,,0.00,0.00,0.00,1318,102.41,114.22,196.47,81.31,75.48,200.00,47.79,59.96,43.19,103.14,A,B,12,2
104,Central 2,221107,,221107,ALM AUTOSERVE SDN BHD,Dlr,2S,0,0.00,0.00,0.00,,0.00,0.00,0.00,1788,118.25,142.17,85.03,158.22,152.16,200.00,53.43,83.34,35.62,118.97,B,B,15,3
98,Central 2,221085,,221085,KD DYNAMIC AUTO SDN BHD,Dlr,2S,0,0.00,0.00,0.00,,0.00,0.00,0.00,957,95.03,121.53,139.66,133.03,130.34,185.71,51.24,69.98,38.33,108.31,B,B,24,4
93,Central 2,221095,,221095,ALESMO AUTO TECHNICA SDN. BHD,Dlr,2S,0,0.00,0.00,0.00,,0.00,0.00,0.00,856,105.03,104.94,136.53,128.19,126.26,187.50,53.68,66.99,38.81,105.80,B,B,29,5
94,Central 2,221041,,221041,CEKAP PLATINUM SDN BHD,Dlr,2S,0,0.00,0.00,0.00,,0.00,0.00,0.00,868,103.21,124.69,41.42,126.51,111.34,200.00,60.89,69.91,33.93,103.84,B,B,35,6
100,Central 2,221050,,221050,REIGN CAR CARE SDN BHD,Dlr,2S,0,0.00,0.00,0.00,,0.00,0.00,0.00,1159,100.26,113.96,104.23,135.07,114.36,193.65,43.96,67.85,34.38,102.23,B,B,40,7
95,Central 2,221030,,221030,CHAN AUTO SERVICE CENTRE SDN BHD,Dlr,2S,0,0.00,0.00,0.00,,0.00,0.00,0.00,1096,103.89,113.97,95.18,87.45,111.23,200.00,50.69,63.93,35.78,99.71,B,B,48,8
96,Central 2,221087,,221087,EDISI BISTARI SDN BHD,Dlr,2S,0,0.00,0.00,0.00,,0.00,0.00,0.00,777,104.86,99.31,78.51,100.38,97.16,200.00,55.21,60.49,35.53,96.02,B,B,57,9
101,Central 2,221024,,221024,RODA KAYANGAN SDN BHD,Dlr,2S,0,0.00,0.00,0.00,,0.00,0.00,0.00,1317,100.84,103.61,135.05,98.82,102.98,196.15,32.51,61.18,34.30,95.48,B,B,59,10
19,Central 2,622209,,622209,SABAK BERNAM ,Brh,2S,0,0.00,0.00,0.00,,0.00,0.00,0.00,709,100.85,101.80,105.55,135.83,140.95,78.57,45.15,67.49,25.57,93.06,B,B,63,11
99,Central 2,221044,,221044,KEMUNING EXPRESS SDN BHD,Dlr,2S,0,0.00,0.00,0.00,,0.00,0.00,0.00,1193,98.68,92.86,122.29,106.25,145.75,73.91,38.18,62.73,24.86,87.59,B,B,74,12
103,Central 2,221046,,221046,UTAMA MOTOR SDN BHD,Dlr,2S,0,0.00,0.00,0.00,,0.00,0.00,0.00,2059,100.19,105.14,0.00,90.69,101.25,200.00,34.93,60.54,24.38,84.93,B,B,75,13
16,East Coast (Zone 1),523502,PSSB KOTA BHARU 2,623502,KOTA BHARU 2,Brh,1+2S,144,119.01,151.51,119.92,,61.64,87.26,104.17,1344,115.66,113.06,74.62,137.57,148.40,193.41,184.78,74.70,51.40,126.09,A,A,2,1
1,East Coast (Zone 1),523401,PSSB KUALA TERENGGANU,623401,KUALA TERENGGANU,Brh,3S,231,114.93,142.21,151.76,,97.52,129.17,100.00,2250,107.35,104.09,37.21,206.66,153.63,195.49,111.83,79.09,44.51,123.59,A,A,4,2
15,East Coast (Zone 1),523501,PSSB KOTA BHARU,623501,KOTA BHARU,Brh,1+2S,280,114.75,134.87,130.02,,89.81,142.08,102.04,2796,105.07,101.49,52.06,120.51,104.69,198.83,102.17,74.05,41.61,115.66,A,A,15,3
7,East Coast (Zone 1),135015,YAMUD AUTOMOBILE SDN BHD,235052,YAMUD (M) SDN BHD,Dlr,3S,130,104.00,119.03,157.27,,31.71,27.78,50.00,1455,116.03,126.95,20.31,173.71,133.02,200.00,180.29,61.42,52.92,114.34,A,A,18,4
4,East Coast (Zone 1),134059,POPULAR PRESTIGE SDN BHD,234067,POPULAR PRESTIGE SDN BHD,Dlr,3S,153,104.08,171.44,127.24,,75.51,110.83,42.86,1381,105.10,104.44,80.13,104.81,101.20,192.08,114.12,68.90,43.86,112.75,A,A,25,5
5,East Coast (Zone 1),134062,PSM MOTORS (M) SDN BHD,234066,PSM MOTORS (M) SDN BHD,Dlr,3S,114,103.64,119.24,132.57,,70.97,50.00,0.00,1126,125.81,136.60,82.06,115.35,137.27,84.62,185.65,61.97,47.73,109.70,A,A,35,6
19,East Coast (Zone 1),135013,NASROM (M) SDN BHD,235093,NASROM (M) SDN BHD,Dlr,1+2S,240,105.73,120.33,126.39,,119.35,108.13,0.00,2150,105.96,106.23,75.37,101.07,97.44,198.45,58.65,63.94,37.04,100.99,A,A,55,7
18,East Coast (Zone 1),135141,HAJOON SDN BHD TANAH MERAH (TM),235059,HAJOON SDN BHD TANAH MERAH,Dlr,1+2S,176,104.14,115.21,51.73,,16.28,7.78,0.00,1422,122.80,114.13,106.99,82.21,154.89,194.87,149.72,53.71,40.53,94.24,A,A,86,8
2,East Coast (Zone 1),135140,ABH SALES SDN BHD,235057,ABH SALES SDN BHD ,Dlr,3S,100,102.04,102.74,53.06,,33.33,20.00,0.00,886,111.59,97.26,81.04,66.33,163.13,200.00,52.90,51.87,27.74,79.61,B,C,115,9
6,East Coast (Zone 1),134063,SEPAKAT USAHA DAYA SDN BHD,234059,SEPAKAT USAHA DAYA SDN BHD,Dlr,3S,151,106.34,114.72,118.10,,5.88,6.67,0.00,1370,101.33,97.01,69.99,85.64,96.98,200.00,113.60,48.09,42.56,90.64,C,C,122,10
3,East Coast (Zone 1),135014,P.K OTOMOBIL (M) SDN BHD,235051,PK OTOMOBIL SDN BHD,Dlr,3S,43,26.87,28.61,26.11,,67.50,102.22,0.00,1269,78.48,87.71,50.28,128.51,86.21,200.00,57.35,37.35,23.36,60.71,D,C,132,11
23,East Coast (Zone 1),134057,PACCAR MOTORS SDN BHD,222222,,Dlr,1S,117,103.54,136.56,155.59,,57.14,78.33,0.00,0,0.00,0.00,0.00,0.00,0.00,0.00,0.00,55.09,46.68,101.76,C,C,18,1
24,East Coast (Zone 1),134060,SEBAKTI AUTO (M) SDN BHD,222222,,Dlr,1S,0,0.00,0.00,0.00,,6.25,15.56,0.00,0,0.00,0.00,0.00,0.00,0.00,0.00,0.00,2.29,0.00,2.29,D,D,67,2
28,East Coast (Zone 1),234056,,234056,PACCAR MOTOR SDN BHD,Dlr,2S,0,0.00,0.00,0.00,,0.00,0.00,0.00,1418,103.35,115.67,58.50,124.17,118.44,200.00,58.68,68.20,34.76,102.96,B,B,37,1
29,East Coast (Zone 1),234065,,234065,PACCAR MOTOR SDN BHD (Pasir Puteh),Dlr,2S,0,0.00,0.00,0.00,,0.00,0.00,0.00,874,104.92,105.42,89.26,105.80,130.43,200.00,58.61,65.45,37.21,102.65,B,A,38,2
30,East Coast (Zone 1),234060,,234060,PRO IBAI AUTO SERVICES SDN BHD,Dlr,2S,0,0.00,0.00,0.00,,0.00,0.00,0.00,1115,95.46,89.43,65.15,108.12,109.75,182.98,52.70,58.25,32.50,90.75,B,B,69,3
17,East Coast (Zone 2),522401,PSSB KUANTAN,622401,KUANTAN,Brh,1+2S,130,115.04,146.80,121.48,,75.71,101.23,100.00,2275,107.72,112.45,141.46,126.81,115.92,200.00,105.68,72.82,45.75,118.57,A,A,7,1
14,East Coast (Zone 2),134061,USAHA MAJU AUTO SDN BHD,234063,USAHA MAJU AUTO SDN BHD,Dlr,3S,142,101.43,142.61,156.10,,117.50,117.78,0.00,1581,105.75,116.82,77.68,107.98,143.45,197.26,117.15,68.10,47.91,116.01,A,A,14,2
13,East Coast (Zone 2),124172,TERAS SARI AUTO SDN BHD,224061,TERAS SARI AUTO SDN BHD,Dlr,3S,129,100.00,107.78,124.85,,54.55,52.22,0.00,1337,112.26,128.59,100.75,121.58,113.63,200.00,180.47,56.87,53.19,110.06,A,A,32,3
22,East Coast (Zone 2),124128,L S MOTOR SDN BHD,224092,L.S. MOTOR SDN BHD,Dlr,1+2S,103,101.98,85.39,109.57,,46.43,51.67,0.00,1073,105.09,114.52,66.92,143.25,127.70,195.35,173.40,54.15,48.43,102.58,A,A,50,4
21,East Coast (Zone 2),124025,KM OTOMOBIL SDN BHD,224057,KM OTOMOBIL SDN BHD,Dlr,1+2S,155,100.65,81.29,143.88,,76.47,64.17,112.50,1540,104.83,102.39,90.83,81.41,119.55,200.00,48.27,60.95,38.81,99.76,A,A,59,5
8,East Coast (Zone 2),134149,AGENDA CENDANA SDN BHD,234058,AGENDA CENDANA SDN BHD,Dlr,3S,171,97.16,89.33,145.62,,50.91,86.67,0.00,2441,100.83,99.98,89.08,88.84,174.15,189.13,98.33,55.19,44.49,99.68,A,A,63,6
12,East Coast (Zone 2),124027,G-MART HOLDINGS SDN BHD (JERANTUT),224058,G-MART HOLDINGS SDN BHD (JERANTUT),Dlr,3S,146,101.39,170.78,107.81,,80.95,81.11,0.00,1326,117.03,114.66,70.51,83.64,100.38,200.00,48.06,65.29,33.30,98.58,A,A,68,7
9,East Coast (Zone 2),124176,HAJOON SDN BHD BERA (HBE),224095,HAJOON SDN BHD BERA,Dlr,3S,111,100.00,102.24,132.58,,27.27,18.33,0.00,1028,167.43,116.34,69.20,48.44,123.65,189.47,46.41,57.07,35.51,92.58,A,A,91,8
10,East Coast (Zone 2),124175,HLS MOTOR SDN BHD,224093,HLS MOTOR SDN BHD,Dlr,3S,114,103.64,131.24,119.34,,60.98,77.78,0.00,935,102.19,111.04,77.36,82.76,88.80,195.45,38.69,57.76,33.68,91.44,A,A,95,9
20,East Coast (Zone 2),124093,ECONOMY MOTORS SDN BHD,224073,ECONOMY MOTORS SDN. BHD,Dlr,1+2S,110,100.00,114.33,108.28,,22.86,17.78,0.00,759,104.69,100.60,72.28,90.72,121.60,194.44,53.46,50.57,33.82,84.39,A,D,104,10
11,East Coast (Zone 2),124026,MARATHON MOTOR SDN BHD,224059,MARATHON MOTOR SDN BHD,Dlr,3S,95,105.56,111.40,42.11,,70.00,110.00,0.00,941,100.75,101.77,73.90,97.73,120.39,200.00,50.55,59.78,25.73,85.51,B,B,108,11
25,East Coast (Zone 2),124119,KEMBARA AUTO SDN BHD,222222,,Dlr,1S,97,100.00,108.34,112.63,,8.82,16.67,0.00,0,0.00,0.00,0.00,0.00,0.00,0.00,0.00,38.84,33.79,72.63,D,D,55,1
27,East Coast (Zone 2),224074,,224074,G-MARTS HOLDINGS SDN BHD - JENGKA,Dlr,2S,0,0.00,0.00,0.00,,0.00,0.00,0.00,1016,148.54,139.04,70.36,162.90,83.43,79.17,54.25,82.28,24.98,107.26,B,B,27,1
26,East Coast (Zone 2),622402,,622402,KUANTAN 2,Brh,2S,0,0.00,0.00,0.00,,0.00,0.00,0.00,2314,110.14,104.68,121.96,94.53,138.10,183.91,48.60,65.88,36.13,102.02,B,B,41,2
31,East Coast (Zone 2),224097,,224097,REIWA AUTODUA SDN BHD,Dlr,2S,0,0.00,0.00,0.00,,0.00,0.00,0.00,123,100.41,41.55,0.00,143.92,304.75,0.00,0.00,68.43,0.00,68.43,B,B,78,3
10,East Malaysia,152040,KONG TECK MOTORS S/B,252069,KONG TECK MOTOR SDN BHD,Dlr,1+2S,192,104.92,109.79,118.11,,131.52,290.00,0.00,1950,103.89,116.33,156.09,80.84,99.76,194.29,49.35,74.90,38.91,113.81,A,A,20,1
5,East Malaysia,525202,PSSB KUCHING 2,625202,KUCHING 2 ,Brh,1+2S,161,109.52,126.85,130.97,,120.00,139.17,0.00,2480,110.91,110.52,41.92,133.42,114.29,200.00,125.28,69.51,44.09,113.61,A,A,21,2
4,East Malaysia,525201,PSSB KUCHING,625201,KUCHING,Brh,3S,147,107.30,117.79,137.73,,109.52,137.50,0.00,2833,112.91,116.79,77.97,127.09,124.66,197.67,110.21,68.15,44.84,112.99,A,A,24,3
16,East Malaysia,152091,VENDORIA SERVICE & PART CENTRE SDN BHD,252093,VENDORIA SERVICE  & PARTS CENTRE SDN.BHD,Dlr,3S,152,110.95,159.46,165.29,,192.11,87.78,0.00,1768,109.81,117.67,87.01,66.92,98.18,190.24,49.81,71.63,40.91,112.53,A,A,26,4
16,East Malaysia,525101,PSSB KOTA KINABALU,625101,KOTA KINABALU,Brh,1+2S,193,111.56,128.98,130.63,,100.00,127.08,0.00,2382,107.83,109.59,120.12,117.92,112.69,193.70,49.31,66.91,38.52,105.43,A,A,44,5
12,East Malaysia,150145,AERODRIVE SDN BHD,252075,AERODRIVE SDN BHD,Dlr,3S,92,102.22,98.93,116.26,,100.00,221.67,0.00,1196,108.24,111.92,38.65,91.20,105.70,192.16,53.43,67.95,32.90,100.85,A,B,56,6
8,East Malaysia,121081,DMM SALES SDN BHD(KK),251070,DMM SALES SDN BHD (KOTA KINABALU),Dlr,1+2S,278,121.40,128.99,131.15,,67.03,126.25,0.00,1661,93.05,91.86,97.55,59.11,99.41,190.32,53.27,61.16,37.70,98.86,A,A,66,7
15,East Malaysia,152090,MD WORLDS SDN BHD,252099,MD WORLDS SDN.BHD,Dlr,3S,188,103.30,126.75,124.90,,81.40,92.50,0.00,1342,106.76,114.71,113.14,67.75,105.56,193.22,53.80,60.33,37.97,98.30,A,A,70,8
13,East Malaysia,121083,DMM SALES SDN BHD(KUCHING),252085,DMM SALES SDN BHD (KUCHING),Dlr,3S,143,102.14,84.64,144.70,,94.23,130.00,0.00,927,94.50,102.45,102.56,115.57,83.24,183.33,52.67,58.18,39.19,97.37,A,A,75,9
3,East Malaysia,525102,PSSB KOTA KINABALU 2,625102,KOTA KINABALU 2,Brh,1+2S,125,103.31,102.00,124.12,,69.12,115.15,0.00,2277,110.86,118.48,82.54,122.37,118.18,188.00,52.19,61.43,35.80,97.23,A,A,76,10
14,East Malaysia,152039,GAMMA AUTOMOBILE SDN BHD,252065,GAMMA AUTOMOBILE SDN BHD,Dlr,3S,379,112.80,114.95,127.49,,60.31,227.50,0.00,1899,100.21,115.11,114.25,52.60,89.68,62.07,43.27,65.97,30.17,96.15,A,A,79,11
9,East Malaysia,151042,HAJOON SDN BHD KOTA KINABALU (KK),251085,HAJOON SDN BHD KOTA KINABALU,Dlr,1+2S,239,107.17,136.66,62.17,,32.14,25.63,0.00,1915,129.13,132.30,128.11,72.89,128.48,195.12,52.31,58.64,30.99,89.64,A,A,99,12
16,East Malaysia,152041,NGU CHUNG BENG & SONS CORPORATION SDN BHD,252067,NGU CHUNG BENG & SONS SDN BHD,Dlr,3S,500,120.48,117.96,57.38,,230.32,730.00,0.00,2905,100.10,96.17,117.36,58.19,108.22,198.33,44.44,111.13,29.05,140.18,B,B,105,13
11,East Malaysia,151038,POSH AUTO SDN BHD,251060,POSH AUTO SDN BHD,Dlr,1+2S,262,101.16,110.90,60.99,,104.48,65.00,0.00,1652,118.59,108.10,97.17,104.49,130.22,197.56,53.20,61.54,29.46,91.00,B,B,107,14
7,East Malaysia,151040,BORNEO & PENINSULAR AUTO SDN BHD,251079,BORNEO & PENINSULAR AUTO SDN BHD,Dlr,1+2S,105,86.78,92.12,58.86,,13.79,11.67,0.00,848,126.76,123.26,119.59,100.36,169.22,77.27,49.70,51.16,23.63,74.80,B,D,118,15
6,East Malaysia,151158,BAYANGAN KEMBARA SDN BHD,251080,BAYANGAN KEMBARA SDN BHD,Dlr,1+2S,144,75.79,70.29,59.37,,0.00,0.00,0.00,1587,115.75,121.12,115.68,110.77,125.26,37.78,43.49,43.36,20.66,64.02,D,D,130,16
16,East Malaysia,525105,PSSB LABUAN,625104,LABUAN,Dlr,3S,10,66.67,116.53,0.00,,0.00,0.00,0.00,345,105.51,110.26,0.00,93.04,,200.00,0.00,40.35,10.50,50.85,D,D,133,17
23,East Malaysia,150155,OTOSTABIL SDN BHD,222222,,Dlr,1S,225,103.21,115.46,161.73,,147.83,211.25,0.00,0,0.00,0.00,0.00,0.00,0.00,0.00,0.00,75.54,48.52,124.06,A,A,6,1
25,East Malaysia,150156,VENDORIA SDN BHD,222222,,Dlr,1S,191,109.14,155.56,161.99,,129.31,105.83,0.00,0,0.00,0.00,0.00,0.00,0.00,0.00,0.00,69.39,48.60,117.98,A,A,8,2
1,East Malaysia,525103,PSSB KENINGAU,666666,,Brh,1S,129,106.61,136.45,155.24,,102.90,115.15,0.00,0,0.00,0.00,0.00,0.00,0.00,0.00,0.00,64.39,46.57,110.96,A,A,12,3
22,East Malaysia,150140,HRH AUTOMOBILE SDN BHD,222222,,Dlr,1S,206,118.39,148.56,142.41,,54.88,91.88,0.00,0,0.00,0.00,0.00,0.00,0.00,0.00,0.00,61.07,42.72,103.79,A,A,14,4
20,East Malaysia,151044,HAJOON SDN BHD PUTATAN (PTN),222222,,Dlr,1S,204,151.11,205.58,129.55,,17.14,15.63,0.00,0,0.00,0.00,0.00,0.00,0.00,0.00,0.00,63.96,38.87,102.82,A,D,16,5
21,East Malaysia,151043,HAJOON SDN BHD SANDAKAN (SDK),222222,,Dlr,1S,205,127.33,183.30,133.23,,24.19,12.50,0.00,0,0.00,0.00,0.00,0.00,0.00,0.00,0.00,56.25,39.97,96.22,C,D,21,6
24,East Malaysia,151153,PROEDAR AUTO (M) SDN BHD,222222,,Dlr,1S,126,106.78,133.60,124.99,,25.58,30.00,0.00,0,0.00,0.00,0.00,0.00,0.00,0.00,0.00,46.96,37.50,84.46,C,D,34,7
19,East Malaysia,150164,ERAZOOM SDN BHD (127488-P),222222,,Dlr,1S,97,84.35,100.33,59.65,,33.33,165.00,0.00,0,0.00,0.00,0.00,0.00,0.00,0.00,0.00,52.58,17.89,70.48,D,D,57,8
39,East Malaysia,252089,,252089,NGU CHUNG BENG & SONS SDN BHD (SARIKEI),Dlr,2S,0,0.00,0.00,0.00,,0.00,0.00,0.00,631,103.10,122.90,92.06,132.64,154.80,200.00,161.12,73.93,62.03,135.96,A,A,2,1
40,East Malaysia,252101,,252101,MD WORLD SDN BHD (SERIAN),Dlr,2S,0,0.00,0.00,0.00,,0.00,0.00,0.00,626,135.79,149.06,121.69,129.85,182.58,200.00,56.70,88.34,39.34,127.68,B,B,13,2
32,East Malaysia,252076,,252076,OTOSTABIL SERVICES SDN BHD,Dlr,2S,0,0.00,0.00,0.00,,0.00,0.00,0.00,1838,107.23,135.58,65.08,132.39,99.33,65.00,114.87,72.70,37.97,110.67,B,A,18,3
36,East Malaysia,252071,,252071,SRI TING AUTO SERVICES SDN BHD,Dlr,2S,0,0.00,0.00,0.00,,0.00,0.00,0.00,948,123.92,150.20,110.59,112.42,142.15,76.19,50.91,81.27,27.16,108.43,B,B,22,4
33,East Malaysia,251083,,251083,PAMPANG SERVICE CENTRE,Dlr,2S,0,0.00,0.00,0.00,,0.00,0.00,0.00,1148,117.02,131.86,46.08,117.77,105.79,190.24,50.44,72.83,31.01,103.84,B,B,34,5
27,East Malaysia,251072,,251072,GENTING AUTO SDN BHD,Dlr,2S,0,0.00,0.00,0.00,,0.00,0.00,0.00,1484,109.36,117.58,108.24,101.17,141.11,185.19,35.52,69.71,32.00,101.71,B,B,43,6
37,East Malaysia,252092,,252092,SWIFT BILLION SDN.BHD,Dlr,2S,0,0.00,0.00,0.00,,0.00,0.00,0.00,474,116.46,126.00,0.00,91.68,123.25,187.50,64.04,70.55,30.37,100.92,B,B,45,7
28,East Malaysia,252077,,252077,HRH SERVICES SDN BHD,Dlr,2S,0,0.00,0.00,0.00,,0.00,0.00,0.00,1408,113.00,127.31,94.90,114.94,100.61,134.33,49.35,70.30,30.18,100.48,B,B,47,8
31,East Malaysia,252081,,252081,MEGA TRADEWAY SDN BHD,Dlr,2S,0,0.00,0.00,0.00,,0.00,0.00,0.00,638,107.41,110.42,87.14,71.24,126.71,200.00,54.19,63.65,35.98,99.63,B,B,49,9
38,East Malaysia,252096,,252096,GAMMA AUTOMOBILE SDN BHD (SRI AMAN),Dlr,2S,0,0.00,0.00,0.00,,0.00,0.00,0.00,820,100.61,116.87,67.75,85.51,111.10,188.89,49.64,63.85,32.44,96.30,B,B,56,10
34,East Malaysia,251073,,251073,PERFECT CARE CENTRE SDN BHD,Dlr,2S,0,0.00,0.00,0.00,,0.00,0.00,0.00,1057,112.69,101.72,79.27,73.85,105.48,184.62,41.92,60.84,31.17,92.01,B,B,66,11
30,East Malaysia,251066,,251066,MARCHLEAD SDN BHD,Dlr,2S,0,0.00,0.00,0.00,,0.00,0.00,0.00,772,105.18,97.63,87.54,89.47,69.90,191.67,53.79,56.71,35.25,91.95,B,B,67,12
35,East Malaysia,252080,,252080,SINAR MAHAJAYA SDN BHD,Dlr,2S,0,0.00,0.00,0.00,,0.00,0.00,0.00,640,107.93,122.40,90.91,84.49,102.16,50.00,55.72,65.60,24.65,90.25,B,B,70,13
26,East Malaysia,252084,,252084,ERAZOOM PARTS & SERVICE CENTER SDN BHD,Dlr,2S,0,0.00,0.00,0.00,,0.00,0.00,0.00,1026,103.74,100.03,54.16,45.81,114.58,192.86,48.18,57.12,31.32,88.44,B,B,72,14
29,East Malaysia,252091,,252091,KAPIT MOTOR SDN BHD,Dlr,2S,0,0.00,0.00,0.00,,0.00,0.00,0.00,292,100.34,105.88,55.56,102.98,100.00,0.00,46.86,61.74,15.69,77.43,B,B,77,15
4,Northern,523303,PSSB JURU,623303,JURU,Brh,3S,261,113.48,133.99,137.96,,84.25,150.00,104.35,2420,105.63,101.06,82.86,121.30,100.10,197.70,123.88,74.04,46.81,120.84,A,A,5,1
37,Northern,132012,TRIUMPH POINT (M) SDN BHD,232025,TRIUMPH POINT (M) SDN BHD,Dlr,3S,267,103.49,128.18,148.34,,89.19,103.75,0.00,1521,164.25,188.71,112.44,124.29,165.60,200.00,60.23,75.40,41.95,117.35,A,A,10,2
3,Northern,523603,PSSB IPOH 2,623603,IPOH 2,Brh,3S,174,106.75,140.69,156.84,,93.48,122.08,103.03,2440,110.06,115.42,107.54,154.69,97.69,197.33,58.74,74.56,42.41,116.98,A,A,11,3
2,Northern,523601,PSSB IPOH,623601,IPOH,Brh,1+2S,154,104.76,120.56,165.79,,100.00,118.33,110.34,2174,109.74,105.88,98.07,133.18,103.76,200.00,52.73,72.15,42.42,114.56,A,A,17,4
7,Northern,523203,PSSB SG. PETANI,623203,SG PETANI,Brh,1+2S,167,107.74,153.54,143.62,,74.00,90.04,100.00,2875,104.51,107.32,151.03,132.99,111.72,184.71,55.16,71.17,41.98,113.14,A,A,23,5
14,Northern,133021,AUTOBINEE SDN BHD,233022,AUTOBINEE SDN BHD (GELUGOR),Dlr,3S,153,105.52,89.90,151.54,,75.00,281.11,0.00,818,113.14,112.70,149.61,51.39,111.88,186.67,45.60,69.31,41.80,111.11,A,A,30,6
6,Northern,523302,PSSB PRAI,623301,PRAI,Brh,1+2S,119,107.21,96.78,154.96,,102.60,103.39,104.55,2127,101.43,101.25,123.06,130.19,95.77,200.00,52.41,67.38,42.36,109.74,A,A,34,7
20,Northern,132008,EDARAN SG. KOROK SDN BHD,232003,EDARAN SG. KOROK SDN BHD,Dlr,3S,189,109.88,134.01,164.28,,91.07,105.83,100.00,1216,96.43,94.90,68.93,76.68,77.75,189.09,57.04,67.29,40.66,107.95,A,A,38,8
16,Northern,121076,DMM SALES SDN BHD(BUTTERWRTH),233010,DMM SALES SDN BHD (BUTTERWORTH),Dlr,3S,227,103.18,105.51,158.25,,122.22,208.13,0.00,1184,98.42,106.12,103.83,74.82,73.04,196.83,51.54,66.22,41.48,107.71,A,A,40,9
5,Northern,523301,PSSB PENANG,623302,PENANG,Brh,1+2S,145,110.69,116.34,117.21,,71.11,106.25,103.85,2268,100.71,106.32,108.50,118.70,123.32,186.57,54.81,68.42,36.56,104.99,A,A,46,10
1,Northern,523201,PSSB ALOR SETAR,623201,ALOR SETAR,Brh,1+2S,131,111.02,125.21,148.55,,81.25,100.50,112.50,2265,100.27,95.10,116.20,146.10,102.47,52.17,53.53,69.97,33.59,103.56,A,A,48,11
8,Northern,523602,PSSB TAIPING,623602,TAIPING,Brh,3S,200,104.17,124.06,165.03,,61.17,92.08,73.68,1883,103.35,99.69,95.75,124.44,117.04,133.70,49.82,64.91,38.36,103.28,A,A,49,12
15,Northern,132165,BERINGIN AUTOMOBIL SDN BHD,232014,BERINGIN AUTOMOBILE,Dlr,3S,155,91.72,104.83,166.04,,80.49,90.00,0.00,1418,104.96,103.42,97.48,83.66,137.92,191.67,55.24,57.43,42.29,99.72,A,C,61,13
35,Northern,133023,SARINANI MOTORS SDN BHD,233008,SARINANI MOTORS SDN BHD,Dlr,3S,207,101.47,99.13,134.90,,101.52,103.75,0.00,1555,103.67,99.56,122.63,96.13,114.29,187.18,46.17,59.75,38.45,98.20,A,A,71,14
25,Northern,132010,JOHAN BEST SDN BHD,232004,JOHAN BEST SDN BHD,Dlr,1+2S,205,100.49,140.79,128.80,,71.19,93.13,0.00,1475,105.58,104.96,84.54,82.11,118.72,190.00,54.84,61.14,36.91,98.05,A,A,72,15
26,Northern,136032,KIAM FATT MOTOR SDN BHD,236011,KIAM FATT MOTOR SDN BHD,Dlr,1+2S,176,85.85,64.08,156.19,,111.54,140.83,0.00,1746,104.86,101.55,89.53,100.51,101.21,200.00,51.14,57.30,40.60,97.90,A,A,74,16
24,Northern,136031,HIGHSTAGE MARKETING(M) SDN BHD,236015,HIGHSTAGE MARKETING (M) SDN BHD,Dlr,3S,140,102.19,107.10,125.75,,63.41,145.56,0.00,1362,102.25,107.59,156.81,111.99,146.33,71.70,44.07,62.50,32.80,95.29,A,B,81,17
34,Northern,133160,PERSADA TEKNIK SDN BHD,233020,PERSADA TEKNIK SDN BHD,Dlr,3S,282,101.08,130.53,126.85,,25.71,46.25,0.00,1361,106.16,107.74,82.49,80.52,107.73,200.00,61.60,53.96,37.92,91.88,A,A,92,18
23,Northern,136211,HAJOON SDN BHD KUALA KANGSAR (KKSR),236030,HAJOON SDN BHD KUALA KANGSAR,Dlr,3S,154,92.22,131.93,129.69,,29.17,15.83,0.00,1386,110.44,108.68,116.24,67.12,122.51,192.50,49.64,51.83,38.18,90.00,A,C,98,19
12,Northern,136029,ABI MOTORS SDN BHD,236012,ABI MOTORS SDN BHD,Dlr,1+2S,182,106.43,159.29,60.32,,75.41,90.00,0.00,1052,106.37,104.82,89.32,80.83,118.94,194.12,44.19,63.85,27.68,91.53,B,B,106,20
32,Northern,136212,NCC AUTOMOBILE SDN BHD ,236024,NCC AUTOMOBILE SDN BHD ,Dlr,3S,140,106.06,144.51,56.52,,54.35,66.67,0.00,1271,100.08,102.67,112.80,92.22,81.52,189.74,35.64,57.74,27.17,84.91,B,B,109,21
36,Northern,136034,SRI MANJUNG AUTO SDN BHD,236014,SRI MANJUNG AUTO SDN BHD,Dlr,3S,132,100.76,113.96,47.07,,51.43,80.00,0.00,1633,100.37,99.18,112.96,97.30,140.85,196.15,44.03,56.76,27.39,84.15,B,B,110,22
17,Northern,121077,DMM SALES SDN BHD(IPOH),236016,DMM SALES SDN BHD (IPOH),Dlr,3S,168,100.60,104.29,61.57,,84.21,96.25,0.00,1020,79.44,78.48,125.78,67.85,79.18,188.89,47.33,52.63,29.86,82.49,B,C,112,23
28,Northern,131035,LAYTAC AUTO SND BHD,231001,LAYTAC AUTO SDN BHD,Dlr,3S,114,91.94,86.33,57.48,,47.22,53.33,0.00,1918,116.88,116.31,119.32,104.31,103.33,200.00,41.15,52.63,28.85,81.47,B,B,113,24
31,Northern,132011,MBM DISTRIBUTORS SDN BHD,232002,MBM DISTRIBUTORS SDN BHD,Dlr,3S,168,101.82,104.00,142.38,,44.19,43.33,0.00,1298,104.34,95.77,99.16,69.62,58.23,195.83,51.18,49.90,39.20,89.10,C,A,123,25
27,Northern,136213,KIAM FATT MOTOR SDN BHD (SERI ISKANDAR),236026,KIAM FATT MOTOR SDN BHD (Sri Iskandar),Dlr,3S,125,100.00,63.29,136.84,,54.29,56.67,0.00,1248,108.62,103.70,125.79,93.32,90.03,184.62,46.29,49.83,38.73,88.56,C,C,124,26
10,Northern,523204,PSSB LANGKAWI (E7),623202,"SS QSS, LANGKAWI",Brh,1+2S,15,60.00,59.80,71.02,,0.00,80.00,0.00,495,109.76,116.58,79.68,104.87,112.16,200.00,61.06,43.94,30.86,74.80,C,B,127,27
13,Northern,133020,AUTO WANGI SDN BHD,233006,AUTO WANGI SDN BHD,Dlr,3S,133,91.72,56.24,56.74,,2.33,3.33,0.00,1511,100.73,96.61,95.80,57.89,103.14,191.84,52.73,39.24,28.51,67.76,D,D,128,28
18,Northern,133022,DUARIA SDN BHD,222222,,Dlr,1S,137,91.33,105.08,140.15,,130.43,393.33,0.00,0,0.00,0.00,0.00,0.00,0.00,0.00,0.00,88.89,42.05,130.93,A,A,2,1
38,Northern,132157,WANRICH GLORY SDN BHD,222222,,Dlr,1S,132,91.03,113.13,138.31,,131.37,345.56,0.00,0,0.00,0.00,0.00,0.00,0.00,0.00,0.00,85.03,41.49,126.53,A,A,5,2
9,Northern,523101,PSSB JITRA,666666,,Brh,1S,119,112.26,101.33,134.19,,105.88,109.69,104.76,0,0.00,0.00,0.00,0.00,0.00,0.00,0.00,75.06,40.26,115.32,A,A,11,3
33,Northern,136152,OTOMOBIL MALIM JAYA SDN BHD,222222,,Dlr,1S,104,88.14,117.99,160.34,,58.33,47.78,0.00,0,0.00,0.00,0.00,0.00,0.00,0.00,0.00,46.17,48.10,94.27,C,C,24,4
30,Northern,133118,MAZRA SDN BHD,222222,,Dlr,1S,104,94.55,93.24,139.00,,25.00,140.00,0.00,0,0.00,0.00,0.00,0.00,0.00,0.00,0.00,50.23,41.70,91.93,C,C,28,5
21,Northern,132009,EVERTHREE (M) SDN BHD,222222,,Dlr,1S,140,101.45,138.79,127.36,,41.46,42.22,0.00,0,0.00,0.00,0.00,0.00,0.00,0.00,0.00,49.52,38.21,87.73,C,C,31,6
19,Northern,136030,DUGA SAGA SDN BHD,222222,,Dlr,1S,125,102.46,117.34,127.68,,12.82,21.11,0.00,0,0.00,0.00,0.00,0.00,0.00,0.00,0.00,41.51,38.31,79.81,C,C,40,7
29,Northern,136033,LIM TAI MING & SONS SDN BHD,222222,,Dlr,1S,119,100.85,142.36,116.96,,0.00,0.00,0.00,0,0.00,0.00,0.00,0.00,0.00,0.00,0.00,41.11,35.09,76.20,C,C,45,8
22,Northern,136150,EZY REMARKS SDN BHD,222222,,Dlr,1S,137,91.95,93.75,58.97,,44.68,87.78,0.00,0,0.00,0.00,0.00,0.00,0.00,0.00,0.00,46.34,17.69,64.03,D,D,60,9
47,Northern,233023,,233023,SARINANI MOTORS SDN BHD (BATU KAWAN),Dlr,2S,0,0.00,0.00,0.00,,0.00,0.00,0.00,649,141.39,150.06,172.67,115.77,154.31,135.71,52.72,85.77,37.32,123.10,B,B,14,1
45,Northern,236028,,236028,N.T AUTO SERVICE SDN BHD (BAGAN SERAI),Dlr,2S,0,0.00,0.00,0.00,,0.00,0.00,0.00,1055,104.77,122.01,129.07,146.62,132.76,200.00,56.50,73.28,39.89,113.17,B,B,16,2
39,Northern,233007,,233007,AUTOBINEE SDN BHD,Dlr,2S,0,0.00,0.00,0.00,,0.00,0.00,0.00,1691,129.68,130.20,82.99,90.08,141.38,200.00,53.28,75.42,35.43,110.85,B,B,17,3
46,Northern,236023,,236023,OPERASI KEMBARA SDN BHD,Dlr,2S,0,0.00,0.00,0.00,,0.00,0.00,0.00,1534,106.75,115.71,106.82,116.74,124.03,200.00,53.47,68.66,37.38,106.03,B,B,28,4
42,Northern,233051,,233051,KELANA AGRESIF AUTOMART SDN BHD,Dlr,2S,0,0.00,0.00,0.00,,0.00,0.00,0.00,1373,100.59,103.80,123.29,125.55,136.94,196.55,49.41,66.64,37.45,104.09,B,B,31,5
44,Northern,233015,,233015,NT AUTO SERVICE,Dlr,2S,0,0.00,0.00,0.00,,0.00,0.00,0.00,1756,100.06,99.46,127.34,174.32,100.68,187.50,50.98,66.63,37.42,104.05,B,B,32,6
11,Northern,623204,,623204,KULIM ,Brh,2S,0,0.00,0.00,0.00,,0.00,0.00,0.00,2140,103.73,111.89,91.79,138.27,108.68,186.54,58.22,67.75,36.24,103.99,B,B,33,7
48,Northern,224096,,224096,NCC AUTOMOBILE SDN BHD (CAMERON HIGHLAND),Dlr,2S,0,0.00,0.00,0.00,,0.00,0.00,0.00,261,105.24,131.54,71.08,208.80,68.29,77.78,41.79,75.45,21.94,97.39,B,B,52,8
41,Northern,233016,,233016,KEJURUTERAAN ANGGERIK HARUM,Dlr,2S,0,0.00,0.00,0.00,,0.00,0.00,0.00,1738,109.51,100.47,140.24,138.01,114.54,86.44,49.43,66.56,30.00,96.55,B,B,55,9
43,Northern,232010,,232010,MASHUR BISTARI SDN BHD,Dlr,2S,0,0.00,0.00,0.00,,0.00,0.00,0.00,2028,96.07,107.00,0.00,121.10,127.03,200.00,56.30,65.30,29.51,94.82,B,B,60,10
40,Northern,232023,,232023,JOHAN BEST SDN BHD (Baling),Dlr,2S,0,0.00,0.00,0.00,,0.00,0.00,0.00,861,103.24,106.33,78.46,90.02,95.96,193.33,49.71,60.84,33.67,94.51,B,B,61,11
8,Southern,524102,PSSB MUAR,624102,MUAR,Brh,3S,145,113.28,288.33,161.95,,133.72,153.75,119.23,1921,101.96,105.86,88.17,130.27,107.74,183.53,56.82,93.71,41.06,134.77,A,A,1,1
2,Southern,524103,PSSB (JB2) - TAMAN PUTERA,624103,JOHOR BHARU 2,Brh,3S,288,108.27,160.61,143.19,,106.58,156.67,103.85,3019,106.15,104.89,126.23,122.63,102.63,193.59,51.24,78.13,40.61,118.73,A,A,6,2
12,Southern,522302,PSSB SENAWANG,622301,SEREMBAN,Brh,3S,120,104.35,160.87,157.55,,92.42,103.26,73.91,3124,110.78,104.67,134.21,148.05,135.34,196.27,62.26,73.79,44.28,118.06,A,A,8,3
7,Southern,524201,PSSB MELAKA,624201,MELAKA,Brh,3S,144,107.46,215.34,128.65,,87.67,90.58,100.00,2037,102.98,96.15,132.16,94.33,136.35,194.12,49.72,77.06,38.98,116.04,A,A,13,4
4,Southern,524106,PSSB JOHOR BHARU 3,624106,JOHOR BHARU 3,Brh,1+2S,134,102.29,161.95,132.72,,73.17,88.34,115.38,1880,107.43,112.34,129.15,148.49,114.49,200.00,57.54,73.25,40.59,113.84,A,A,19,5
1,Southern,524101,PSSB (JB1) -  JALAN PETALING,624101,JOHOR BHARU 1,Brh,1+2S,233,111.48,150.77,140.14,,109.76,132.08,83.33,2484,93.49,96.87,162.07,203.42,96.34,86.46,54.15,75.37,36.85,112.22,A,A,27,6
6,Southern,524107,PSSB KULAI (JB4),624107,JOHOR BHARU 4,Brh,1+2S,164,104.46,171.81,122.94,,106.94,112.92,90.32,1710,99.42,100.33,129.42,130.55,97.84,188.24,45.88,74.10,37.36,111.46,A,A,29,7
22,Southern,121129,DMM SALES SDN BHD(SEREMBAN 2),223051,DMM SALES SDN BHD (SEREMBAN),Dlr,3S,129,102.38,121.43,174.85,,81.40,156.67,0.00,1574,103.42,102.32,120.62,90.18,118.15,197.14,52.10,64.16,44.48,108.65,A,A,37,8
3,Southern,524104,PSSB BATU PAHAT,624104,BATU PAHAT,Brh,1+2S,196,105.38,146.03,56.94,,116.94,136.25,83.78,2134,103.95,98.94,133.65,137.42,137.35,200.00,59.61,75.50,31.79,107.29,A,A,41,9
31,Southern,141170,FABULOUS AUTO SDN BHD,241116,FABULOUS AUTO SDN BHD,Dlr,3S,162,101.25,132.11,53.07,,83.78,62.22,0.00,741,104.96,100.59,150.31,118.58,76.21,193.55,194.68,58.78,48.40,107.18,A,A,42,10
24,Southern,142020,GT PREMIUM SDN BHD,242052,GT PREMIUM AUTO SDN. BHD.,Dlr,3S,120,104.35,90.98,126.16,,69.44,118.33,0.00,1425,106.26,114.40,97.22,119.57,118.63,85.94,175.13,59.91,46.52,106.44,A,A,43,11
5,Southern,524105,PSSB KLUANG,624105,KLUANG,Brh,1+2S,144,103.60,102.06,119.90,,100.00,104.85,110.71,1560,93.19,90.06,145.83,138.37,78.31,200.00,52.03,66.01,39.22,105.23,A,A,45,12
21,Southern,121080,DMM SALES SDN BHD(MELAKA),242042,DMM SALES SDN BHD (MELAKA),Dlr,3S,171,103.64,153.18,163.56,,84.31,85.00,0.00,1302,96.09,87.77,135.42,73.60,89.97,200.00,50.42,60.07,43.82,103.90,A,A,47,13
15,Southern,123019,SETIA NAMUS AUTOMOBIL SDN BHD,223040,SETIA NAMUS AUTOMOBILE SDN BHD,Dlr,1+2S,132,101.54,136.55,129.92,,65.00,95.56,0.00,1746,112.43,112.51,142.86,92.28,143.74,190.83,47.31,62.89,39.23,102.12,A,A,51,14
20,Southern,121079,DMM SALES SDN BHD(JB),241049,DMM SALES SDN BHD (JOHOR BAHRU),Dlr,3S,143,100.70,135.88,145.25,,71.43,100.00,0.00,1285,97.27,100.52,155.95,99.06,96.46,200.00,47.09,59.75,42.25,102.00,A,A,53,15
13,Southern,142016,BUMIRAYA MOTOR SDN BHD,242041,BUMIRAYA MOTOR SDN BHD,Dlr,1+2S,123,100.00,145.33,166.12,,34.09,73.33,0.00,1363,102.48,97.10,93.65,88.44,143.33,193.94,50.67,58.16,41.66,99.82,A,C,57,16
28,Southern,142022,KULAI SPEED AUTO SERVICES SDN. BHD.,241044,KULAI SPEED AUTO SDN BHD,Dlr,3S,130,100.78,112.92,136.70,,48.89,60.00,0.00,1057,100.57,98.31,65.49,70.74,149.35,83.87,167.63,54.61,45.12,99.73,A,A,60,17
19,Southern,121161,DMM SALES SDN BHD(BATU PAHAT),241071,DMM SALES SDN BHD (BATU PAHAT),Dlr,3S,113,103.67,132.62,141.27,,71.43,118.33,0.00,1024,101.89,93.22,108.67,61.67,85.27,188.57,42.43,59.79,38.11,97.90,A,A,73,18
23,Southern,141111,EDARAN OTOMOBIL KASAWARI S/B,241109,EDARAN OTOMOBIL KASAWARI SDN BHD,Dlr,3S,160,103.23,114.52,149.60,,52.38,87.78,0.00,1333,116.22,124.16,130.88,105.08,125.95,73.77,61.71,60.35,36.63,96.98,A,A,77,19
26,Southern,142021,HOON TIAN SDN BHD,241048,HOON TIAN MOTOR SDN BHD,Dlr,3S,122,101.67,130.77,157.33,,21.05,41.67,0.00,1461,106.02,111.16,136.13,95.91,134.36,193.26,42.53,54.92,41.78,96.70,A,A,78,20
29,Southern,141098,TEXAJAYA SDN BHD,241114,TEXAJAYA SDN BHD,Dlr,3S,149,104.20,118.31,126.76,,36.36,25.00,0.00,1011,102.54,114.83,162.84,78.22,111.62,195.00,56.36,52.30,41.22,93.52,A,C,87,21
18,Southern,141095,CONSOMAC SDN BHD,241115,CONSOMAC SDN BHD,Dlr,3S,154,102.67,116.63,113.46,,81.03,116.67,0.00,1250,101.96,113.48,147.47,74.00,121.10,80.65,53.58,60.85,32.44,93.29,A,B,88,22
30,Southern,142019,G-MART HOLDINGS SDN BHD (PASIR GUDANG),241053,G-MART HOLDINGS SDN BHD (PASIR GUDANG),Dlr,3S,113,102.73,108.36,53.98,,121.05,90.00,0.00,1418,113.53,102.80,179.71,110.53,101.21,184.91,36.37,62.62,30.21,92.83,A,B,90,23
27,Southern,142024,HUNG TIAN ENTERPRISE SDN BHD,241047,HUNG TIAN MOTOR SDN BHD,Dlr,3S,119,103.48,113.15,123.40,,43.33,23.33,0.00,1347,108.98,103.99,136.75,79.83,122.78,195.60,51.35,52.95,38.86,91.80,A,C,93,24
14,Southern,123018,C & C AUTOMOBILE SDN BHD,223039,C & C AUTOMOBILE SDN BHD,Dlr,1+2S,116,105.45,144.82,113.18,,2.70,6.67,0.00,1746,97.87,89.31,158.58,100.95,147.47,200.00,54.11,52.14,39.32,91.46,A,C,94,25
16,Southern,142023,AUTOPATH SDN BHD,241054,AUTOPATH SDN BHD,Dlr,3S,127,104.10,117.26,66.15,,38.24,33.33,0.00,1036,107.02,105.99,134.63,70.18,111.84,134.09,61.90,52.89,29.79,82.69,B,A,111,26
25,Southern,141008,HARAPAN TERANG MOTOR SDN BHD,241072,HARAPAN TERANG MOTOR SDN BHD,Dlr,3S,108,100.93,150.49,50.19,,2.63,1.67,0.00,1117,110.38,109.16,99.83,67.71,121.13,200.00,47.41,52.11,27.70,79.81,B,D,114,27
17,Southern,141159,AVANSTAR RESOURCES SDN BHD,241110,AVANSTAR RESOURCES SDN BHD,Dlr,3S,338,100.90,100.76,57.32,,33.02,73.75,0.00,2023,108.24,118.47,112.77,95.43,141.17,82.76,49.36,55.49,23.33,78.83,B,B,116,28
S,Southern,142027,MHG ELITE SDN BHD,241117,MHG ELITE SDN BHD,Dlr,3S,48,106.67,194.15,0.00,,0.00,0.00,0.00,704,113.00,139.00,214.34,198.92,64.19,83.33,0.00,60.55,15.63,76.18,B,B,117,29
52,Southern,142026,RODA JUARA AUTOMOBILE SDN BHD (BUKIT GAMBIR),242051,RODA JUARA AUTOMOBILE (BKT GAMBIR),Dlr,3S,50,111.11,121.13,0.00,,0.00,0.00,0.00,849,106.93,107.32,101.65,86.03,128.02,191.67,55.83,50.60,22.24,72.84,B,B,120,30
9,Southern,522301,PSSB SEREMBAN,666666,,Brh,1S,226,111.33,109.79,129.44,,46.90,82.92,87.80,0,0.00,0.00,0.00,0.00,0.00,0.00,0.00,64.67,38.83,103.51,A,A,15,1
41,Southern,123099,SIRI ETIKA SDN BHD,222222,,Dlr,1S,112,101.82,141.93,130.54,,61.29,100.00,0.00,0,0.00,0.00,0.00,0.00,0.00,0.00,0.00,58.19,39.16,97.35,C,C,20,2
40,Southern,141106,SIJORI AUTO SDN BHD,222222,,Dlr,1S,188,101.62,116.51,134.63,,72.88,83.33,0.00,0,0.00,0.00,0.00,0.00,0.00,0.00,0.00,54.05,40.39,94.44,C,D,23,3
34,Southern,141005,MENAIK MAJU SDN BHD,222222,,Dlr,1S,103,82.40,128.64,171.67,,34.15,21.11,0.00,0,0.00,0.00,0.00,0.00,0.00,0.00,0.00,41.12,51.50,92.62,C,C,26,4
36,Southern,123144,OTOMOBIL SEJATI SDN BHD,222222,,Dlr,1S,191,106.11,131.46,122.97,,42.59,50.63,0.00,0,0.00,0.00,0.00,0.00,0.00,0.00,0.00,50.48,36.89,87.37,C,D,32,5
38,Southern,123107,S.L. AUTOMOBILE SDN BHD,222222,,Dlr,1S,160,103.90,116.82,117.87,,36.36,55.83,0.00,0,0.00,0.00,0.00,0.00,0.00,0.00,0.00,47.85,35.36,83.22,C,C,35,6
39,Southern,123092,SEMBILANBELAS JAYA SDN BHD,222222,,Dlr,1S,111,100.91,129.57,117.87,,13.33,13.33,0.00,0,0.00,0.00,0.00,0.00,0.00,0.00,0.00,42.13,35.36,77.49,C,D,42,7
54,Southern,142025,MESIZAMAN AUTO (M) SDN BHD,222222,,Dlr,1S,90,100.00,113.39,132.85,,0.00,5.00,0.00,0,0.00,0.00,0.00,0.00,0.00,0.00,0.00,37.40,39.85,77.25,C,D,43,8
32,Southern,141110,FUMIGAWA MOTOR SDN BHD,222222,,Dlr,1S,70,63.64,101.09,119.52,,10.81,6.67,0.00,0,0.00,0.00,0.00,0.00,0.00,0.00,0.00,29.35,35.86,65.21,C,D,47,9
35,Southern,141002,MH JAYA SDN BHD,222222,,Dlr,1S,141,90.97,138.80,60.70,,81.25,95.00,0.00,0,0.00,0.00,0.00,0.00,0.00,0.00,0.00,57.04,18.21,75.25,D,B,52,10
37,Southern,142017,RODA JUARA SDN BHD,222222,,Dlr,1S,278,91.15,119.61,56.25,,49.53,125.00,0.00,0,0.00,0.00,0.00,0.00,0.00,0.00,0.00,54.21,16.87,71.09,D,D,56,11
33,Southern,141007,MARCHE AUTO SDN BHD,222222,,Dlr,1S,165,101.23,137.81,58.44,,8.70,6.67,0.00,0,0.00,0.00,0.00,0.00,0.00,0.00,0.00,42.16,17.53,59.70,D,D,64,12
47,Southern,241045,,241045,MENAIK MAJU PARTS & SERVICE SDN BHD,Dlr,2S,0,0.00,0.00,0.00,,0.00,0.00,0.00,1418,104.57,101.55,99.06,110.33,128.98,200.00,204.03,64.73,72.89,137.62,A,A,1,1
10,Southern,624108,,624108,JOHOR BHARU 5,Brh,2S,0,0.00,0.00,0.00,,0.00,0.00,0.00,1274,100.79,109.41,124.39,145.41,108.56,184.85,170.79,67.26,65.73,132.99,A,A,3,2
50,Southern,223048,,223048,PRIMA KEMBARA SDN BHD,Dlr,2S,0,0.00,0.00,0.00,,0.00,0.00,0.00,2706,108.33,116.09,101.06,133.61,136.59,197.01,121.14,71.68,52.92,124.60,A,A,5,3
53,Southern,241107,,241107,SIJORI AUTO SERVICES SDN BHD,Dlr,2S,0,0.00,0.00,0.00,,0.00,0.00,0.00,1267,101.60,99.99,84.70,63.62,114.19,181.82,120.00,58.29,50.12,108.41,A,C,9,4
42,Southern,241058,,241058,AUTOPATH SDN BHD (SUB OUTLET),Dlr,2S,0,0.00,0.00,0.00,,0.00,0.00,0.00,725,112.40,116.99,82.85,154.35,153.72,131.25,60.25,76.04,31.59,107.63,B,B,25,5
49,Southern,241052,,241052,OSCAR STATION SDN BHD,Dlr,2S,0,0.00,0.00,0.00,,0.00,0.00,0.00,1083,104.94,118.43,189.80,156.43,136.51,83.93,50.04,73.68,33.91,107.59,B,B,26,6
51,Southern,242046,,242046,RODA JUARA AUTOMOBILE,Dlr,2S,0,0.00,0.00,0.00,,0.00,0.00,0.00,1474,112.26,101.47,119.68,65.12,194.11,187.76,51.58,67.89,36.97,104.86,B,B,30,7
44,Southern,223047,,223047,KLINIK KERETA TAMPIN SDN BHD,Dlr,2S,0,0.00,0.00,0.00,,0.00,0.00,0.00,1609,108.50,116.37,100.69,100.62,113.29,197.78,53.10,66.71,36.62,103.33,B,B,36,8
48,Southern,242045,,242045,MESIZAMAN AUTO (M) SDN BHD,Dlr,2S,0,0.00,0.00,0.00,,0.00,0.00,0.00,1358,117.07,124.16,97.59,123.63,114.21,62.50,49.76,72.28,24.75,97.03,B,B,53,9
45,Southern,223050,,223050,KLINIK KERETA TWO SDN DHD,Dlr,2S,0,0.00,0.00,0.00,,0.00,0.00,0.00,1216,107.61,117.44,106.85,82.51,122.33,135.29,42.82,65.99,29.65,95.64,B,B,58,10
46,Southern,223049,,223049,LUKUT KIM YONG MOTOR SDN BHD,Dlr,2S,0,0.00,0.00,0.00,,0.00,0.00,0.00,987,100.30,102.92,153.90,90.83,128.81,79.03,45.34,62.52,29.52,92.04,B,B,65,11
43,Southern,241098,,241098,FUMIGAWA AUTO SERVICE SDN BHD,Dlr,2S,0,0.00,0.00,0.00,,0.00,0.00,0.00,654,105.83,102.16,118.61,87.87,79.54,71.43,32.16,58.63,22.92,81.55,B,B,76,12
