1,Central 1,522102,PSSB PETALING JAYA,622102,PETALING JAYA,Brh,3S,285,123.38,146.13,134.85,,105.98,176.25,118.37,3691,100.96,93.53,52.02,123.88,89.91,189.74,106.05,79.44,42.20,121.64,4,1,A,A
2,Central 1,522103,PSSB PUCHONG,622104,PUCHONG,Brh,3S,207,126.99,156.93,149.91,,104.21,135.14,114.71,2731,102.13,96.56,44.58,108.21,119.10,185.22,46.03,78.63,36.07,114.69,12,2,A,A
3,Central 1,121049,G-MART HOLDINGS SDN BHD (RAWANG),221123,G-MART HOLDINGS SDN BHD (RAWANG),Dlr,3S,211,100.96,111.37,118.35,,129.63,104.67,0.00,3134,129.88,121.85,35.02,135.91,111.05,196.67,55.26,68.08,33.43,101.51,40,4,A,A
4,Central 1,121173,IGREEN AUTOMOBILE SDN BHD,221124,IGREEN AUTOMOBILE SDN BHD,Dlr,3S,424,121.49,139.69,126.80,,17.02,22.97,0.00,1355,160.74,105.61,49.22,101.98,92.95,190.70,53.68,62.68,34.70,97.38,53,5,A,A
5,Central 1,121113,JIWA PANDUAN SDN BHD,221108,JIWA PANDUAN SDN BHD,Dlr,3S,107,100.94,104.22,121.61,,102.50,122.42,0.00,2053,101.08,100.00,32.02,84.37,120.19,200.00,52.33,60.94,33.49,94.43,60,6,A,A
6,Central 1,121175,MOTORS CONFIDENCE (KS) SDN BHD,221112,MOTORS CONFIDENCE (M) SDN BHD (KUALA SELANGOR),Dlr,3S,402,107.78,120.94,140.79,,35.19,82.66,0.00,1675,117.71,96.96,38.36,54.31,111.02,191.21,46.28,57.29,34.97,92.26,67,8,A,A
7,Central 1,121178,LON G SETIA AUTO SDN. BHD.,222111,LON G SETIA AUTO SDN BHD,Dlr,3S,160,115.11,119.06,130.15,,39.02,25.11,0.00,1469,112.57,116.97,37.16,99.67,94.64,197.73,46.25,55.49,33.94,89.43,74,9,A,A
8,Central 1,121050,MOTORS CONFIDENCE(M) SB,221028,MOTORS CONFIDENCE (M) SDN BHD  ,Dlr,3S,435,109.85,115.51,137.15,,43.52,114.84,0.00,1528,107.38,85.94,29.48,56.02,70.70,190.70,34.84,56.71,32.63,89.33,75,10,A,B
9,Central 1,121172,DMM SALES SDN BHD (SHAH ALAM),221027,DMM SALES SDN BHD (SHAH ALAM),Dlr,3S,123,108.85,110.80,133.93,,53.66,62.71,0.00,2263,97.04,105.45,45.98,74.77,110.44,195.95,35.46,54.58,33.45,88.03,78,11,A,A
10,Central 1,121169,SYY HOLDINGS SDN BHD,221117,S.Y.Y. HOLDINGS SDN BHD,Dlr,3S,235,103.52,122.77,130.86,,41.07,39.69,0.00,1782,110.48,107.93,52.03,88.84,130.26,134.69,46.11,55.67,31.48,87.15,80,12,A,A
11,Central 1,121047,G-MART HOLDINGS SDN BHD (KAJANG),221081,G-MART HOLDINGS SDN BHD (KAJANG),Dlr,3S,157,105.37,131.31,57.18,,75.93,60.16,0.00,3141,113.07,111.21,39.39,98.14,104.37,200.00,47.53,60.24,25.39,85.64,92,13,B,B
12,Central 1,122159,G-MART HOLDINGS SDN BHD (HULU LANGAT)Â ,221109,G-MART HOLDINGS SDN BHD (HULU LANGAT),Dlr,3S,45,100.00,96.44,0.00,,0.00,0.00,0.00,1420,131.12,125.35,26.40,111.02,89.00,78.69,49.17,50.02,11.54,61.56,113,14,B,D
13,Central 1,121074,DMM SALES SDN BHD(CHAN SOW LIN),222112,DMM SALES SDN BHD (CHAN SOW LIN),Dlr,3S,101,82.11,88.72,162.20,,33.85,64.89,0.00,1325,94.78,93.13,39.62,63.59,100.11,195.60,43.06,46.41,37.49,83.91,116,15,C,C
14,Central 1,121181,YONG MOTOR SDN BHD,221017,YONG MOTOR KAJANG SDN BHD,Dlr,3S,45,100.00,50.35,0.00,,0.00,0.00,0.00,1262,99.06,97.30,21.38,105.55,128.37,200.00,44.88,41.55,17.12,58.67,129,16,D,D
15,Central 1,522104,PSSB KLANG,622103,BUKIT RAJA,Brh,1+2S,109,109.00,143.09,116.48,,96.23,108.98,109.52,2740,101.67,105.77,50.44,115.45,115.44,196.67,47.11,72.74,33.01,105.75,31,3,A,A
16,Central 1,122062,I G ENTERPRISE SDN BHD,222036,I.G. ENTERPRISE SDN BHD  ,Dlr,1+2S,167,115.17,149.79,130.42,,32.00,52.71,0.00,2199,108.22,94.67,33.76,92.73,112.36,185.86,51.72,58.89,33.84,92.74,65,7,A,B
1,Central 1,522110,PSSB KAJANG PRIMA,666666,,Brh,1S,125,116.82,,164.09,124.57,104.69,106.67,150.00,0,0.00,0.00,0.00,0.00,0.00,0.00,0.00,90.70,37.37,128.07,4,1,A,C
2,Central 1,522108,PSSB DAMANSARA DAMAI,666666,,Brh,1S,164,111.57,,129.92,128.25,104.23,151.30,109.68,0,0.00,0.00,0.00,0.00,0.00,0.00,0.00,83.80,38.48,122.28,7,2,A,C
3,Central 1,522201,PERODUA KL,666666,,Brh,1S,113,113.00,,121.90,158.03,72.41,110.50,33.33,0,0.00,0.00,0.00,0.00,0.00,0.00,0.00,64.67,47.41,112.08,10,3,A,C
4,Central 1,121052,PROMACRO SDN BHD,222222,,Dlr,1S,155,106.16,,131.11,55.74,225.00,361.11,0.00,0,0.00,0.00,0.00,0.00,0.00,0.00,0.00,102.19,16.72,118.91,14,4,B,B
5,Central 1,121071,DMM SALES SDN BHD(AMPANG),222222,,Dlr,1S,111,105.71,,98.91,136.80,72.73,74.24,0.00,0,0.00,0.00,0.00,0.00,0.00,0.00,0.00,51.48,41.04,92.52,22,5,C,C
6,Central 1,121111,DMM SALES SDN BHD(SG BULUH),222222,,Dlr,1S,138,100.73,,108.12,130.60,88.24,61.94,0.00,0,0.00,0.00,0.00,0.00,0.00,0.00,0.00,52.06,39.18,91.24,23,6,C,C
7,Central 1,122067,ZAMAHAN SDN BHD (109503-K),222222,,Dlr,1S,141,106.82,,131.79,123.71,35.90,46.97,0.00,0,0.00,0.00,0.00,0.00,0.00,0.00,0.00,49.58,37.11,86.70,27,7,C,C
8,Central 1,121146,SILVER TOOLS (M) SDN BHD,222222,,Dlr,1S,107,105.94,,91.54,121.21,37.84,46.06,0.00,0,0.00,0.00,0.00,0.00,0.00,0.00,0.00,43.87,36.36,80.24,32,8,C,C
9,Central 1,121174,HAJOON SDN BHD BATU CAVES (BTC),222222,,Dlr,1S,129,102.38,,126.04,122.69,21.62,16.11,0.00,0,0.00,0.00,0.00,0.00,0.00,0.00,0.00,43.11,36.81,79.91,33,9,C,C
10,Central 1,121168,YAUMAN AUTO SDN BHD,222222,,Dlr,1S,100,101.01,,122.93,123.17,9.09,11.25,0.00,0,0.00,0.00,0.00,0.00,0.00,0.00,0.00,40.56,36.95,77.51,35,10,C,C
11,Central 1,121075,DMM SALES SDN BHD(BSP),222222,,Dlr,1S,72,80.00,,93.65,126.10,16.28,52.73,0.00,0,0.00,0.00,0.00,0.00,0.00,0.00,0.00,37.16,37.83,74.99,37,11,C,C
12,Central 1,122153,HAJOON SDN BHD PANDAN INDAH (PI),222222,,Dlr,1S,203,108.56,,90.76,122.89,16.36,7.50,0.00,0,0.00,0.00,0.00,0.00,0.00,0.00,0.00,38.01,36.87,74.88,38,12,C,C
13,Central 1,121054,YBK SERVICES SDN BHD,222222,,Dlr,1S,113,100.00,,117.83,115.87,32.26,65.00,0.00,0,0.00,0.00,0.00,0.00,0.00,0.00,0.00,47.71,34.76,82.47,46,13,D,D
14,Central 1,122109,ONE-BUILTWELL SDN BHD,222222,,Dlr,1S,103,84.43,,134.87,105.60,10.00,26.25,0.00,0,0.00,0.00,0.00,0.00,0.00,0.00,0.00,40.42,31.68,72.10,51,14,D,C
15,Central 1,121162,MKS AUTO SDN BHD,222222,,Dlr,1S,111,109.90,,143.55,53.96,38.89,61.67,0.00,0,0.00,0.00,0.00,0.00,0.00,0.00,0.00,53.74,16.19,69.92,52,15,D,D
16,Central 1,121143,OTOMOBIL SEPADU SDN BHD,222222,,Dlr,1S,129,106.61,,176.28,54.45,17.14,14.17,0.00,0,0.00,0.00,0.00,0.00,0.00,0.00,0.00,50.36,16.34,66.69,54,16,D,D
17,Central 1,122151,PUSPA CANGGIH SDN BHD,222222,,Dlr,1S,129,105.74,,120.11,55.62,37.14,32.50,0.00,0,0.00,0.00,0.00,0.00,0.00,0.00,0.00,46.33,16.69,63.02,60,17,D,D
18,Central 1,121103,WRC AUTO SDN BHD,222222,,Dlr,1S,111,88.80,,121.38,65.96,32.26,37.50,0.00,0,0.00,0.00,0.00,0.00,0.00,0.00,0.00,42.97,19.79,62.75,61,18,D,D
19,Central 1,121057,PANTAS MOTORS (M) SDN BHD,222222,,Dlr,1S,91,82.73,,99.09,45.90,28.13,50.00,0.00,0,0.00,0.00,0.00,0.00,0.00,0.00,0.00,39.45,13.77,53.22,66,19,D,D
1,Central 1,222034,,222034,BUMIVIN HOLDINGS  (M) SDN BHD,Dlr,2S,0,0.00,,0.00,0.00,0.00,0.00,0.00,811,104.78,108.77,25.28,98.02,93.36,200.00,113.69,62.19,45.31,107.50,7,1,A,B
2,Central 1,221021,,221021,DASUKI MOTORS SDN. BHD.,Dlr,2S,0,0.00,,0.00,0.00,0.00,0.00,0.00,1764,109.91,119.26,43.75,138.34,120.38,200.00,56.33,71.69,33.02,104.71,16,2,B,B
3,Central 1,222084,,222084,SERI KEMBANGAN AUTO SDN BHD,Dlr,2S,0,0.00,,0.00,0.00,0.00,0.00,0.00,763,105.53,150.90,56.10,151.46,119.40,77.78,49.05,79.59,22.48,102.07,20,3,B,B
4,Central 1,221113,,221113,ACCESSCORP AUTOMOBILE SDN BHD (SUB OUTLET),Dlr,2S,0,0.00,,0.00,0.00,0.00,0.00,0.00,944,110.41,109.75,51.32,135.29,116.44,191.67,52.71,68.87,32.09,100.96,23,4,B,B
5,Central 1,222108,,222108,SUPER-SKILL AUTOMOBILE,Dlr,2S,0,0.00,,0.00,0.00,0.00,0.00,0.00,1266,109.52,109.52,46.87,97.69,126.60,200.00,51.48,66.18,32.10,98.29,27,5,B,B
6,Central 1,222071,,222071,ASJATI SDN. BHD.,Dlr,2S,0,0.00,,0.00,0.00,0.00,0.00,0.00,1243,100.81,105.09,32.05,97.56,209.67,185.86,38.80,71.02,26.74,97.76,30,6,B,B
7,Central 1,222032,,222032,BENGKEL ANDA  AUTO SERVIS,Dlr,2S,0,0.00,,0.00,0.00,0.00,0.00,0.00,1428,111.74,112.87,37.59,118.51,107.78,197.70,42.98,67.57,29.14,96.70,34,7,B,B
8,Central 1,622204,,622204,SEGAMBUT,Brh,2S,0,0.00,,0.00,0.00,0.00,0.00,0.00,1979,107.73,101.29,40.36,111.53,118.69,196.57,54.23,64.42,31.97,96.39,35,8,B,B
9,Central 1,221022,,221022,AAW SOLUTIONS SDN BHD,Dlr,2S,0,0.00,,0.00,0.00,0.00,0.00,0.00,2079,100.44,105.59,59.60,122.94,103.95,200.00,48.01,63.84,32.29,96.13,36,9,B,B
10,Central 1,221055,,221055,ANM AUTOMOBILE SDN BHD.,Dlr,2S,0,0.00,,0.00,0.00,0.00,0.00,0.00,978,100.83,119.84,35.69,114.57,104.09,192.59,45.13,66.59,29.09,95.68,38,10,B,B
11,Central 1,221048,,221048,KEAN TAT CAR SERVICES SDN BHD,Dlr,2S,0,0.00,,0.00,0.00,0.00,0.00,0.00,941,104.44,114.28,56.88,121.79,111.42,196.49,27.52,67.21,26.87,94.09,44,11,B,B
12,Central 1,222033,,222033,COMMECTS (M) SDN BHD,Dlr,2S,0,0.00,,0.00,0.00,0.00,0.00,0.00,828,100.49,100.67,31.09,107.90,118.46,193.55,54.81,62.62,31.12,93.75,47,12,B,B
13,Central 1,221083,,221083,DC AUTO SERVICES SDN BHD,Dlr,2S,0,0.00,,0.00,0.00,0.00,0.00,0.00,1325,108.79,105.49,32.31,111.41,100.61,183.78,50.61,63.98,29.43,93.42,48,13,B,B
14,Central 1,221018,,221018,SYARIKAT PERNIAGAAN SOON LEE,Dlr,2S,0,0.00,,0.00,0.00,0.00,0.00,0.00,1728,116.68,100.17,31.19,91.77,124.71,195.12,43.44,64.53,28.53,93.06,49,14,B,B
15,Central 1,221020,,221020,SOONG MENG MOTOR SDN BHD,Dlr,2S,0,0.00,,0.00,0.00,0.00,0.00,0.00,999,103.42,100.15,28.03,111.51,88.21,200.00,56.45,60.62,31.79,92.42,50,15,B,B
16,Central 1,222053,,222053,ACCESSCORP AUTOMOBILE SDN BHD,Dlr,2S,0,0.00,,0.00,0.00,0.00,0.00,0.00,844,103.69,98.18,32.56,90.04,135.83,189.29,49.96,62.56,29.74,92.29,51,16,B,B
17,Central 1,622101,,622101,SUBANG JAYA,Brh,2S,0,0.00,,0.00,0.00,0.00,0.00,0.00,2542,98.83,97.25,47.87,89.32,114.35,200.00,52.30,59.46,32.38,91.84,53,17,B,B
18,Central 1,622202,,622202,CHERAS,Brh,2S,0,0.00,,0.00,0.00,0.00,0.00,0.00,2127,106.40,103.73,49.46,151.24,125.25,83.33,51.04,68.93,22.87,91.80,54,18,B,B
19,Central 1,622203,,622203,KERAMAT,Brh,2S,0,0.00,,0.00,0.00,0.00,0.00,0.00,2302,99.44,95.06,46.02,112.38,117.58,135.56,53.88,61.41,27.46,88.87,62,19,B,B
20,Central 1,221049,,221049,FRONTLINE MOTOR SDN BHD,Dlr,2S,0,0.00,,0.00,0.00,0.00,0.00,0.00,1521,99.41,92.80,30.97,92.01,109.85,196.12,46.38,58.33,29.30,87.63,64,20,B,B
21,Central 1,622201,,622201,KEPONG,Brh,2S,0,0.00,,0.00,0.00,0.00,0.00,0.00,2087,92.96,86.88,50.03,94.92,95.41,191.67,53.21,54.71,32.11,86.82,77,21,D,B
22,Central 1,622206,,622206,SS QSS B.CAVES,Brh,2S,0,0.00,,0.00,0.00,0.00,0.00,0.00,821,101.48,103.22,28.09,0.00,0.00,184.91,53.43,43.04,29.86,72.90,78,22,D,D
1,Central 2,522106,PSSB GLENMARIE,622106,GLENMARIE,Brh,3S,197,119.39,187.01,160.30,,107.07,149.58,111.43,3265,103.45,102.33,51.36,129.20,127.89,199.22,55.76,82.81,39.62,122.43,3,1,A,A
2,Central 2,121167,YUSMANIDA AUTO SDN BHD,221101,YUSMANIDA AUTO SDN BHD,Dlr,3S,133,103.10,111.01,155.00,,114.29,161.67,50.00,3553,123.37,133.52,53.99,124.00,136.57,199.05,51.61,74.26,38.59,112.85,14,2,A,A
3,Central 2,121042,AUTOCRAFT MOTOR CARRIAGES SB,221025,AUTOCRAFT MOTOR CARRIAGES SDN BHD,Dlr,3S,260,104.84,110.79,135.95,,78.95,112.19,0.00,2195,120.94,118.31,18.53,81.79,108.62,198.44,130.35,62.61,44.01,106.62,27,3,A,A
4,Central 2,522205,PSSB BALAKONG,622205,BALAKONG,Brh,3S,144,108.27,102.88,140.51,,102.11,133.75,82.14,2485,80.84,75.20,57.59,49.54,82.29,193.60,47.32,62.01,36.20,98.21,49,4,A,C
5,Central 2,121176,DC AUTO SERVICES SDN BHD,221120,DC AUTO SERVICES SDN BHD (SUNGAI TUA),Dlr,3S,246,123.00,141.72,148.52,,29.09,19.22,0.00,1515,129.16,126.39,30.65,95.72,117.88,196.83,58.01,60.79,37.24,98.03,50,5,A,A
6,Central 2,121096,PB MOTOR SDN BHD,221090,P.B. MOTOR SDN. BHD.,Dlr,3S,244,100.00,104.79,126.05,,95.59,128.28,0.00,1523,102.42,101.26,8.23,66.74,140.56,194.60,48.99,61.11,32.09,93.20,62,8,A,A
7,Central 2,121094,DMM SALES SDN BHD(SERI KEM),222037,DMM SALES SDN BHD (SERI KEMBANGAN),Dlr,3S,142,105.97,117.91,147.85,,76.19,44.00,0.00,1761,97.62,91.76,48.17,89.67,128.57,198.52,49.91,55.85,37.18,93.03,64,9,A,A
8,Central 2,122068,ALLY SALES SDN BHD,222117,ACCESSCORP AUTOMOBILE SDN BHD (KG.BARU),Dlr,3S,111,103.74,93.23,130.39,,18.92,21.82,0.00,963,137.18,124.40,44.05,135.63,139.17,190.00,60.41,56.03,35.66,91.69,68,10,A,A
9,Central 2,121056,ZUMITAS SDN BHD,221122,ZUMITAS SDN BHD,Dlr,3S,141,106.02,116.81,128.27,,29.55,37.33,0.00,729,119.90,109.37,32.00,134.06,83.04,200.00,50.54,55.72,34.08,89.80,72,11,A,A
10,Central 2,121170,NAGOYA AUTOMOBILE MALAYSIA HOLDING SDN BHD,221105,NAGOYA AUTOMOBILE MALAYSIA HOLDING SDN. BHD.,Dlr,3S,177,103.51,101.38,142.21,,49.06,62.29,0.00,1971,102.07,95.86,26.13,79.41,124.13,197.75,50.20,53.58,35.32,88.90,77,12,A,A
11,Central 2,141147,TAKZIM DINAMIK SDN BHD,221116,TAKZIM DINAMIK SDN BHD,Dlr,3S,159,110.42,116.34,54.99,,73.68,82.22,0.00,1727,118.53,137.35,48.89,103.57,112.27,134.00,47.60,62.72,22.17,84.89,95,15,B,B
12,Central 2,121108,BAKATEAM SDN BHD,222116,BAKATEAM SDN BHD,Dlr,3S,211,112.23,119.44,125.36,,5.08,7.71,0.00,1792,111.17,158.27,32.44,109.85,87.41,133.00,38.04,53.07,28.70,81.78,102,16,B,B
13,Central 2,121180,ROHAMAS PRO AUTOSERV SDN BHD,222109,ROHAMAS PRO AUTOSERV SDN.BHD,Dlr,3S,90,100.00,85.14,118.70,,0.00,10.42,0.00,986,109.56,111.00,32.10,109.16,111.63,196.55,49.90,47.00,32.66,79.66,118,17,C,C
14,Central 2,121177,MERPATI AUTO SERVICES SDN BHD,221088,MERPATI AUTO SERVICES SDN BHD,Dlr,3S,126,110.53,104.29,55.58,,0.00,1.39,0.00,1297,100.08,101.34,33.95,69.01,103.06,80.60,45.21,46.52,18.36,64.88,126,18,D,D
15,Central 2,121084,DMM SALES SDN BHD(SELAYANG),221042,DMM SALES SDN BHD (SELAYANG),Dlr,1+2S,140,106.87,139.66,158.24,,118.18,72.29,0.00,1111,96.27,83.10,45.39,66.24,88.70,189.74,48.92,60.14,37.72,97.86,51,6,A,A
16,Central 2,121116,EXCELLENT DEAL (M) SDN BHD,221118,EXCELLENT DEAL (M) SDN BHD,Dlr,1+2S,215,100.47,97.29,137.96,,60.34,70.63,0.00,1980,127.25,139.11,50.59,95.76,146.55,200.00,59.22,60.00,37.31,97.31,54,7,A,A
17,Central 2,121072,DMM SALES SDN BHD(PJ),221038,DMM SALES SDN BHD (PETALING JAYA),Dlr,1+2S,132,113.79,133.33,129.68,,52.46,50.22,0.00,1041,94.29,83.23,34.05,47.09,40.81,192.31,48.28,52.29,33.68,85.97,82,13,A,A
18,Central 2,522105,PSSB PUTRA JAYA,622105,PUTRAJAYA,Brh,1+2S,191,120.89,137.67,54.59,,84.00,126.67,103.03,2431,112.08,111.25,60.67,125.81,154.05,198.46,47.47,76.81,26.11,102.92,87,14,B,B
1,Central 2,522109,PSSB KOTA DAMANSARA,666666,,Brh,1S,116,107.41,142.58,157.42,,89.29,115.83,86.96,0,0.00,0.00,0.00,0.00,0.00,0.00,0.00,76.23,47.22,123.45,6,1,A,C
2,Central 2,522111,PSSB PANDAN PRIMA,666666,,Brh,1S,113,113.00,144.63,143.46,,78.18,105.71,100.00,0,0.00,0.00,0.00,0.00,0.00,0.00,0.00,77.29,43.04,120.32,8,2,A,C
3,Central 2,121073,DMM SALES SDN BHD(MID VALLEY),222222,,Dlr,1S,135,109.76,150.13,106.78,,91.84,65.42,0.00,0,0.00,0.00,0.00,0.00,0.00,0.00,0.00,60.58,32.03,92.61,15,3,B,C
4,Central 2,121044,P2 AUTOMOBILE SDN BHD,222222,,Dlr,1S,113,106.60,129.53,139.14,,44.12,56.94,0.00,0,0.00,0.00,0.00,0.00,0.00,0.00,0.00,51.13,41.74,92.87,21,4,C,C
5,Central 2,122152,FARESH MOTOR (M) SDN BHD,222222,,Dlr,1S,119,104.39,135.46,130.96,,30.56,54.44,0.00,0,0.00,0.00,0.00,0.00,0.00,0.00,0.00,49.81,39.29,89.10,24,5,C,C
6,Central 2,122065,SUASA SURIA SDN BHD,222222,,Dlr,1S,115,105.51,125.46,138.28,,32.35,20.56,0.00,0,0.00,0.00,0.00,0.00,0.00,0.00,0.00,45.28,41.49,86.76,26,6,C,C
7,Central 2,121046,JAHIM AUTO SDN BHD,222222,,Dlr,1S,115,101.77,108.91,121.49,,71.88,33.33,0.00,0,0.00,0.00,0.00,0.00,0.00,0.00,0.00,47.67,36.45,84.11,28,7,C,D
8,Central 2,122154,HAJOON SDN BHD KERAMAT (KMT),222222,,Dlr,1S,116,107.41,123.29,125.44,,21.88,13.61,0.00,0,0.00,0.00,0.00,0.00,0.00,0.00,0.00,43.54,37.63,81.17,30,8,C,C
9,Central 2,121045,G.A. TRADING SDN BHD,222222,,Dlr,1S,133,94.33,128.68,126.15,,7.50,1.11,0.00,0,0.00,0.00,0.00,0.00,0.00,0.00,0.00,38.73,37.85,76.57,36,9,C,C
10,Central 2,122156,INGRESS MOTORS SDN BHD,222222,,Dlr,1S,61,67.78,71.13,122.31,,0.00,2.50,0.00,0,0.00,0.00,0.00,0.00,0.00,0.00,0.00,24.45,36.69,61.15,40,10,C,D
11,Central 2,121112,RANGKA RAYA SDN BHD,222222,,Dlr,1S,142,103.65,151.70,101.75,,44.12,75.28,0.00,0,0.00,0.00,0.00,0.00,0.00,0.00,0.00,55.54,30.53,86.07,44,11,D,D
12,Central 2,122114,MERPATI HASIL SDN BHD,222222,,Dlr,1S,223,118.62,104.77,113.00,,30.00,20.31,0.00,0,0.00,0.00,0.00,0.00,0.00,0.00,0.00,44.86,33.90,78.76,47,12,D,D
13,Central 2,121053,RODA KAYANGAN SALES SDN BHD,222222,,Dlr,1S,146,101.39,88.02,108.01,,35.90,76.39,0.00,0,0.00,0.00,0.00,0.00,0.00,0.00,0.00,45.40,32.40,77.81,48,13,D,D
14,Central 2,121163,KOBUDI SDN BHD,222222,,Dlr,1S,183,101.11,108.49,58.87,,63.64,47.03,0.00,0,0.00,0.00,0.00,0.00,0.00,0.00,0.00,48.04,17.66,65.70,58,14,D,D
15,Central 2,122066,UB AUTOMOBILE SDN BHD,222222,,Dlr,1S,93,86.92,96.79,65.60,,48.00,51.25,0.00,0,0.00,0.00,0.00,0.00,0.00,0.00,0.00,42.22,19.68,61.90,62,15,D,D
16,Central 2,122130,VISTA SURGE SDN BHD,222222,,Dlr,1S,92,102.22,116.29,56.17,,28.13,21.67,0.00,0,0.00,0.00,0.00,0.00,0.00,0.00,0.00,42.98,16.85,59.83,63,16,D,D
17,Central 2,121141,EDENIA SDN BHD,222222,,Dlr,1S,110,100.00,114.34,49.87,,14.71,20.91,0.00,0,0.00,0.00,0.00,0.00,0.00,0.00,0.00,40.75,14.96,55.71,64,17,D,D
1,Central 2,622108,,622108,KLANG2,Brh,2S,0,0.00,0.00,0.00,,0.00,0.00,0.00,1654,101.79,106.76,27.91,100.78,138.30,200.00,107.80,65.46,44.11,109.57,5,1,A,A
2,Central 2,221107,,221107,ALM AUTOSERVE SDN BHD,Dlr,2S,0,0.00,0.00,0.00,,0.00,0.00,0.00,1702,110.31,131.20,26.77,154.15,164.53,198.28,53.55,80.02,30.86,110.88,10,2,B,B
3,Central 2,221041,,221041,CEKAP PLATINUM SDN BHD,Dlr,2S,0,0.00,0.00,0.00,,0.00,0.00,0.00,907,105.71,132.38,13.38,119.13,149.96,200.00,57.87,75.02,30.96,105.98,13,3,B,B
4,Central 2,221051,,221051,SENTELL JAYA SDN BHD,Dlr,2S,0,0.00,0.00,0.00,,0.00,0.00,0.00,1382,105.26,128.20,63.49,92.85,133.21,200.00,33.91,70.06,29.22,99.28,25,4,B,B
5,Central 2,622209,,622209,SABAK BERNAM ,Brh,2S,0,0.00,0.00,0.00,,0.00,0.00,0.00,788,109.90,103.34,32.30,127.08,140.63,184.13,49.06,68.68,29.09,97.77,29,5,B,B
6,Central 2,221030,,221030,CHAN AUTO SERVICE CENTRE SDN BHD,Dlr,2S,0,0.00,0.00,0.00,,0.00,0.00,0.00,1153,107.16,112.41,31.11,89.80,115.02,200.00,48.47,64.70,30.12,94.82,40,6,B,B
7,Central 2,221050,,221050,REIGN CAR CARE SDN BHD,Dlr,2S,0,0.00,0.00,0.00,,0.00,0.00,0.00,1181,100.17,110.28,36.41,106.02,95.87,200.00,53.90,62.67,31.85,94.52,41,7,B,B
8,Central 2,221095,,221095,ALESMO AUTO TECHNICA SDN. BHD,Dlr,2S,0,0.00,0.00,0.00,,0.00,0.00,0.00,840,100.96,104.48,40.73,109.36,105.63,197.02,50.67,62.60,31.18,93.78,46,8,B,B
9,Central 2,221024,,221024,RODA KAYANGAN SDN BHD,Dlr,2S,0,0.00,0.00,0.00,,0.00,0.00,0.00,1375,103.15,99.61,42.66,85.54,112.09,200.00,46.53,60.26,30.58,90.84,56,9,B,B
10,Central 2,221085,,221085,KD DYNAMIC AUTO SDN BHD,Dlr,2S,0,0.00,0.00,0.00,,0.00,0.00,0.00,1033,100.29,116.00,41.41,93.77,148.06,62.50,49.40,67.66,20.17,87.83,63,10,B,B
11,Central 2,221087,,221087,EDISI BISTARI SDN BHD,Dlr,2S,0,0.00,0.00,0.00,,0.00,0.00,0.00,686,90.74,97.28,23.11,98.55,75.29,200.00,43.28,55.33,28.24,83.56,69,11,B,B
12,Central 2,221046,,221046,UTAMA MOTOR SDN BHD,Dlr,2S,0,0.00,0.00,0.00,,0.00,0.00,0.00,1961,93.34,98.53,0.00,73.91,102.95,200.00,42.43,56.37,26.18,82.55,72,12,B,B
13,Central 2,221044,,221044,KEMUNING EXPRESS SDN BHD,Dlr,2S,0,0.00,0.00,0.00,,0.00,0.00,0.00,1106,89.70,89.91,43.25,103.70,122.05,85.96,50.70,58.04,22.50,80.55,74,13,B,B
1,East Coast (Zone 1),523401,PSSB KUALA TERENGGANU,623401,KUALA TERENGGANU,Brh,3S,221,122.78,163.66,151.62,,88.03,132.92,102.63,2087,103.93,93.85,13.27,108.49,107.02,195.43,107.33,76.52,42.68,119.20,6,1,A,A
2,East Coast (Zone 1),134062,PSM MOTORS (M) SDN BHD,234066,PSM MOTORS (M) SDN BHD,Dlr,3S,122,107.02,162.72,125.39,,41.94,28.75,0.00,1148,133.80,141.18,29.55,134.75,182.04,195.35,123.03,66.65,42.24,108.89,21,2,A,A
3,East Coast (Zone 1),135015,YAMUD AUTOMOBILE SDN BHD,235052,YAMUD (M) SDN BHD,Dlr,3S,133,104.72,98.52,141.40,,66.67,36.67,116.67,1404,111.96,122.32,15.84,145.30,111.85,197.80,116.73,64.41,42.84,107.24,25,3,A,A
4,East Coast (Zone 1),134059,POPULAR PRESTIGE SDN BHD,234067,POPULAR PRESTIGE SDN BHD,Dlr,3S,172,104.24,143.47,130.14,,76.60,113.96,37.50,1296,102.94,107.61,19.61,78.38,103.85,191.30,105.89,65.17,39.99,105.15,32,6,A,A
5,East Coast (Zone 1),134063,SEPAKAT USAHA DAYA SDN BHD,234059,SEPAKAT USAHA DAYA SDN BHD,Dlr,3S,184,135.29,161.07,126.40,,0.00,0.00,0.00,1432,110.49,99.95,21.05,79.13,114.29,200.00,118.54,57.19,41.61,98.80,46,8,A,C
6,East Coast (Zone 1),135014,P.K OTOMOBIL (M) SDN BHD,235051,PK OTOMOBIL SDN BHD,Dlr,3S,23,20.72,18.92,120.87,,75.47,143.89,33.33,1530,94.62,102.93,15.08,157.63,107.10,200.00,55.08,45.21,32.84,78.06,119,10,C,C
7,East Coast (Zone 1),135140,ABH SALES SDN BHD,235057,ABH SALES SDN BHD ,Dlr,3S,82,79.61,68.30,101.71,,2.78,7.88,0.00,820,103.28,85.00,22.31,69.06,124.06,200.00,29.83,40.17,27.78,67.95,125,11,D,D
8,East Coast (Zone 1),523502,PSSB KOTA BHARU 2,623502,KOTA BHARU 2,Brh,1+2S,130,123.81,150.23,119.91,,72.46,110.71,104.55,1232,106.02,100.91,18.59,106.39,129.91,194.83,57.04,74.19,32.88,107.07,26,4,A,A
9,East Coast (Zone 1),523501,PSSB KOTA BHARU,623501,KOTA BHARU,Brh,1+2S,244,111.93,134.75,119.87,,120.69,150.88,93.48,2694,101.24,92.48,16.02,76.51,105.73,193.75,54.46,73.51,32.37,105.87,30,5,A,A
10,East Coast (Zone 1),135013,NASROM (M) SDN BHD,235093,NASROM (M) SDN BHD,Dlr,1+2S,222,110.45,150.45,118.68,,85.71,115.31,0.00,2137,105.32,101.79,23.87,95.44,91.30,186.80,109.46,65.16,39.01,104.17,35,7,A,A
11,East Coast (Zone 1),135141,HAJOON SDN BHD TANAH MERAH (TM),235059,HAJOON SDN BHD TANAH MERAH,Dlr,1+2S,184,108.88,122.70,108.89,,27.78,17.22,0.00,1322,114.16,112.27,33.80,72.43,162.33,195.24,99.34,55.16,37.53,92.69,66,9,A,A
1,East Coast (Zone 1),134057,PACCAR MOTORS SDN BHD,222222,,Dlr,1S,119,103.48,121.74,125.09,,53.13,65.83,0.00,0,0.00,0.00,0.00,0.00,0.00,0.00,0.00,51.26,37.53,88.79,25,1,C,C
2,East Coast (Zone 1),134060,SEBAKTI AUTO (M) SDN BHD,222222,,Dlr,1S,39,28.89,50.72,52.08,,60.53,70.83,14.29,0,0.00,0.00,0.00,0.00,0.00,0.00,0.00,28.96,15.62,44.58,68,2,D,D
1,East Coast (Zone 1),234065,,234065,PACCAR MOTOR SDN BHD (Pasir Puteh),Dlr,2S,0,0.00,0.00,0.00,,0.00,0.00,0.00,862,103.48,103.55,30.46,102.27,99.40,200.00,115.71,61.63,46.21,107.84,6,1,A,A
2,East Coast (Zone 1),234056,,234056,PACCAR MOTOR SDN BHD,Dlr,2S,0,0.00,0.00,0.00,,0.00,0.00,0.00,1268,96.43,106.09,18.50,109.10,85.81,195.65,119.34,60.36,45.77,106.13,8,2,A,B
3,East Coast (Zone 1),234060,,234060,PRO IBAI AUTO SERVICES SDN BHD,Dlr,2S,0,0.00,0.00,0.00,,0.00,0.00,0.00,1172,104.64,100.41,21.94,111.46,128.21,189.47,38.37,64.50,26.12,90.63,57,3,B,B
1,East Coast (Zone 2),134061,USAHA MAJU AUTO SDN BHD,234063,USAHA MAJU AUTO SDN BHD,Dlr,3S,134,100.75,104.69,137.48,,121.43,117.22,0.00,1607,103.28,102.03,26.60,74.41,119.23,187.40,114.81,61.85,42.14,103.99,36,2,A,A
2,East Coast (Zone 2),134149,AGENDA CENDANA SDN BHD,234058,AGENDA CENDANA SDN BHD,Dlr,3S,168,100.60,106.11,142.85,,90.00,107.08,0.00,2425,96.73,93.87,28.74,84.13,136.76,198.62,111.32,59.04,43.07,102.11,38,3,A,A
3,East Coast (Zone 2),124172,TERAS SARI AUTO SDN BHD,224061,TERAS SARI AUTO SDN BHD,Dlr,3S,122,106.09,141.44,109.39,,73.53,50.28,0.00,1341,104.28,110.09,32.15,85.51,115.34,197.85,121.26,59.29,40.33,99.62,44,4,A,A
4,East Coast (Zone 2),124027,G-MART HOLDINGS SDN BHD (JERANTUT),224058,G-MART HOLDINGS SDN BHD (JERANTUT),Dlr,3S,152,116.03,173.75,131.80,,81.82,66.11,0.00,1300,106.21,100.62,22.15,70.11,94.04,200.00,53.19,64.05,34.32,98.38,48,6,A,A
5,East Coast (Zone 2),124175,HLS MOTOR SDN BHD,224093,HLS MOTOR SDN BHD,Dlr,3S,127,105.83,88.82,108.40,,68.29,77.78,0.00,1007,101.82,94.26,26.21,65.52,106.32,200.00,41.43,53.80,30.23,84.03,83,8,A,C
6,East Coast (Zone 2),124026,MARATHON MOTOR SDN BHD,224059,MARATHON MOTOR SDN BHD,Dlr,3S,100,111.11,105.03,60.47,,53.13,129.58,0.00,1011,100.30,86.73,22.28,107.02,121.92,200.00,51.34,59.86,25.37,85.23,93,9,B,B
7,East Coast (Zone 2),124176,HAJOON SDN BHD BERA (HBE),224095,HAJOON SDN BHD BERA,Dlr,3S,98,107.69,102.43,118.11,,41.94,25.83,0.00,858,129.41,93.65,19.22,32.06,97.00,85.00,48.69,52.45,25.90,78.36,107,10,B,B
8,East Coast (Zone 2),124025,KM OTOMOBIL SDN BHD,224057,KM OTOMOBIL SDN BHD,Dlr,1+2S,156,105.41,121.46,144.09,,79.17,51.04,185.71,1743,109.83,100.23,28.71,80.20,110.40,200.00,57.49,69.81,36.70,106.51,28,1,A,A
9,East Coast (Zone 2),522401,PSSB KUANTAN,622401,KUANTAN,Brh,1+2S,127,110.44,93.61,125.40,,81.43,122.62,58.33,2279,107.91,108.33,42.37,113.98,102.86,197.71,52.15,65.13,34.35,99.49,45,5,A,A
10,East Coast (Zone 2),124128,L S MOTOR SDN BHD,224092,L.S. MOTOR SDN BHD,Dlr,1+2S,96,106.67,126.48,132.02,,46.88,49.17,0.00,1138,103.17,100.05,22.69,79.27,100.78,196.97,110.86,54.96,41.29,96.24,56,7,A,A
11,East Coast (Zone 2),124093,ECONOMY MOTORS SDN BHD,224073,ECONOMY MOTORS SDN. BHD,Dlr,1+2S,119,106.25,116.15,54.73,,15.79,18.48,0.00,810,103.45,98.78,26.42,49.86,86.26,194.60,51.80,48.45,24.65,73.10,122,11,D,D
1,East Coast (Zone 2),124119,KEMBARA AUTO SDN BHD,222222,,Dlr,1S,125,104.17,138.54,109.20,,3.23,18.33,0.00,0,0.00,0.00,0.00,0.00,0.00,0.00,0.00,43.53,32.76,76.29,50,1,D,D
1,East Coast (Zone 2),224074,,224074,G-MARTS HOLDINGS SDN BHD - JENGKA,Dlr,2S,0,0.00,0.00,0.00,,0.00,0.00,0.00,890,120.43,129.79,24.14,158.29,145.24,131.25,61.05,80.15,27.08,107.23,12,1,B,B
2,East Coast (Zone 2),622402,,622402,KUANTAN 2,Brh,2S,0,0.00,0.00,0.00,,0.00,0.00,0.00,2241,106.66,100.35,38.06,85.75,112.11,190.70,51.06,61.09,30.55,91.64,55,2,B,B
1,East Malaysia,152091,VENDORIA SERVICE & PART CENTRE SDN BHD,252093,VENDORIA SERVICE  & PARTS CENTRE SDN.BHD,Dlr,3S,124,134.78,192.76,166.30,,212.90,70.30,0.00,1825,113.35,119.06,23.03,74.28,124.77,135.65,48.24,79.80,34.61,114.41,13,2,A,A
2,East Malaysia,525201,PSSB KUCHING,625201,KUCHING,Brh,3S,157,103.29,118.06,53.55,,113.04,151.67,0.00,2752,109.69,112.86,24.86,123.10,131.44,200.00,118.66,68.34,32.90,101.24,41,5,A,C
3,East Malaysia,152039,GAMMA AUTOMOBILE SDN BHD,252065,GAMMA AUTOMOBILE SDN BHD,Dlr,3S,346,111.61,104.12,124.62,,86.60,232.50,0.00,2170,114.51,113.30,42.35,49.94,84.62,187.50,45.22,68.34,32.87,101.22,42,6,A,A
4,East Malaysia,152090,MD WORLDS SDN BHD,252099,MD WORLDS SDN.BHD,Dlr,3S,213,109.79,126.04,107.32,,163.93,113.28,0.00,1275,101.43,106.47,39.09,69.59,107.66,200.00,47.89,66.99,31.57,98.55,47,7,A,A
5,East Malaysia,152041,NGU CHUNG BENG & SONS CORPORATION SDN BHD,252067,NGU CHUNG BENG & SONS SDN BHD,Dlr,3S,490,124.05,116.63,57.42,,233.86,710.94,0.00,3125,107.68,103.22,35.91,71.32,124.99,197.14,44.94,112.64,24.77,137.42,85,10,B,B
6,East Malaysia,150145,AERODRIVE SDN BHD,252075,AERODRIVE SDN BHD,Dlr,3S,105,101.94,119.82,47.54,,160.00,231.25,0.00,1193,107.96,107.93,0.00,85.72,98.75,194.81,106.02,73.90,29.04,102.94,86,11,B,B
7,East Malaysia,121083,DMM SALES SDN BHD(KUCHING),252085,DMM SALES SDN BHD (KUCHING),Dlr,3S,121,106.14,84.64,127.65,,92.86,90.67,0.00,924,94.19,91.58,32.63,84.46,106.10,80.00,50.39,55.39,27.72,83.12,99,13,B,A
8,East Malaysia,525202,PSSB KUCHING 2,625202,KUCHING 2 ,Brh,1+2S,143,116.26,129.76,124.80,,154.24,125.00,0.00,2531,113.19,115.81,12.96,149.03,129.55,198.99,134.96,73.45,42.95,116.40,9,1,A,A
9,East Malaysia,152040,KONG TECK MOTORS S/B,252069,KONG TECK MOTOR SDN BHD,Dlr,1+2S,223,106.19,101.62,112.92,,186.96,292.19,0.00,2103,112.04,99.23,42.08,89.48,96.85,197.26,49.04,78.70,32.41,111.11,16,3,A,A
10,East Malaysia,525101,PSSB KOTA KINABALU,625101,KOTA KINABALU,Brh,1+2S,161,113.38,151.05,132.28,,118.57,124.02,0.00,2537,105.66,108.62,36.67,117.03,117.22,191.77,54.75,70.11,34.91,105.02,33,4,A,A
11,East Malaysia,525102,PSSB KOTA KINABALU 2,625102,KOTA KINABALU 2,Brh,1+2S,122,102.52,105.23,123.19,,101.72,127.71,0.00,2409,107.88,116.59,24.46,109.46,104.48,186.87,46.72,63.27,31.91,95.18,57,8,A,A
12,East Malaysia,121081,DMM SALES SDN BHD(KK),251070,DMM SALES SDN BHD (KOTA KINABALU),Dlr,1+2S,291,122.27,97.08,121.44,,71.43,83.13,0.00,1876,96.70,98.88,26.36,76.33,85.18,190.32,53.43,56.44,32.80,89.24,76,9,A,A
13,East Malaysia,151038,POSH AUTO SDN BHD,251060,POSH AUTO SDN BHD,Dlr,1+2S,213,110.36,139.90,42.96,,66.67,25.00,0.00,1782,117.70,95.29,30.81,101.57,107.46,200.00,55.55,59.14,24.18,83.32,98,12,B,B
14,East Malaysia,151042,HAJOON SDN BHD KOTA KINABALU (KK),251085,HAJOON SDN BHD KOTA KINABALU,Dlr,1+2S,231,111.06,146.57,57.24,,50.00,13.44,0.00,1782,110.55,124.94,37.52,72.85,118.32,200.00,44.64,57.50,24.95,82.45,100,14,B,B
15,East Malaysia,151158,BAYANGAN KEMBARA SDN BHD,251080,BAYANGAN KEMBARA SDN BHD,Dlr,1+2S,133,83.65,90.61,57.00,,0.00,0.00,0.00,1734,116.38,122.52,28.23,117.50,89.39,78.43,32.29,45.54,16.54,62.08,127,15,D,D
16,East Malaysia,151040,BORNEO & PENINSULAR AUTO SDN BHD,251079,BORNEO & PENINSULAR AUTO SDN BHD,Dlr,1+2S,90,82.57,82.81,53.53,,0.00,0.00,0.00,830,114.17,121.01,33.70,91.96,132.60,82.69,35.55,44.88,17.02,61.90,128,16,D,D
1,East Malaysia,150155,OTOSTABIL SDN BHD,222222,,Dlr,1S,204,109.68,126.63,164.39,,210.00,211.72,0.00,0,0.00,0.00,0.00,0.00,0.00,0.00,0.00,85.04,49.32,134.36,1,1,A,A
2,East Malaysia,150156,VENDORIA SDN BHD,222222,,Dlr,1S,188,108.67,157.40,155.68,,156.10,81.04,0.00,0,0.00,0.00,0.00,0.00,0.00,0.00,0.00,69.76,46.70,116.46,9,2,A,A
3,East Malaysia,150140,HRH AUTOMOBILE SDN BHD,222222,,Dlr,1S,213,108.12,136.80,154.13,,91.30,123.17,0.00,0,0.00,0.00,0.00,0.00,0.00,0.00,0.00,64.38,46.24,110.61,11,3,A,A
4,East Malaysia,525103,PSSB KENINGAU,666666,,Brh,1S,124,106.90,154.89,136.33,,100.00,101.49,0.00,0,0.00,0.00,0.00,0.00,0.00,0.00,0.00,65.29,40.90,106.19,12,4,A,C
5,East Malaysia,151153,PROEDAR AUTO (M) SDN BHD,222222,,Dlr,1S,114,106.54,118.78,121.84,,38.89,31.94,0.00,0,0.00,0.00,0.00,0.00,0.00,0.00,0.00,46.44,36.55,82.99,29,5,C,D
6,East Malaysia,151044,HAJOON SDN BHD PUTATAN (PTN),222222,,Dlr,1S,200,137.93,181.84,57.68,,36.36,11.17,0.00,0,0.00,0.00,0.00,0.00,0.00,0.00,0.00,59.41,17.30,76.72,49,6,D,D
7,East Malaysia,151043,HAJOON SDN BHD SANDAKAN (SDK),222222,,Dlr,1S,200,118.34,151.79,62.07,,9.09,5.31,0.00,0,0.00,0.00,0.00,0.00,0.00,0.00,0.00,47.61,18.62,66.24,56,7,D,D
8,East Malaysia,150164,ERAZOOM SDN BHD (127488-P),222222,,Dlr,1S,98,83.76,91.91,47.92,,43.33,134.17,0.00,0,0.00,0.00,0.00,0.00,0.00,0.00,0.00,49.10,14.37,63.47,59,8,D,D
s,East Malaysia,252089,,252089,NGU CHUNG BENG & SONS SDN BHD (SARIKEI),Dlr,2S,0,0.00,0.00,0.00,,0.00,0.00,0.00,612,100.00,122.12,40.00,167.18,164.07,200.00,107.14,77.12,44.91,122.03,1,1,A,B
2,East Malaysia,252071,,252071,SRI TING AUTO SERVICES SDN BHD,Dlr,2S,0,0.00,0.00,0.00,,0.00,0.00,0.00,966,126.28,149.96,29.22,149.53,178.66,190.70,48.34,88.26,29.19,117.45,9,2,B,B
3,East Malaysia,251083,,251083,PAMPANG SERVICE CENTRE,Dlr,2S,0,0.00,0.00,0.00,,0.00,0.00,0.00,1189,111.54,135.22,13.25,132.92,91.28,200.00,57.85,72.71,30.94,103.65,17,3,B,B
4,East Malaysia,252101,,252101,MD WORLD SDN BHD (SERIAN),Dlr,2S,0,0.00,0.00,0.00,,0.00,0.00,0.00,577,125.16,132.87,34.39,143.66,129.52,80.00,55.29,79.00,22.42,101.42,22,4,B,B
5,East Malaysia,251066,,251066,MARCHLEAD SDN BHD,Dlr,2S,0,0.00,0.00,0.00,,0.00,0.00,0.00,885,110.90,118.63,30.45,136.63,99.54,192.98,49.24,69.69,29.69,99.38,24,5,B,B
6,East Malaysia,252077,,252077,HRH SERVICES SDN BHD,Dlr,2S,0,0.00,0.00,0.00,,0.00,0.00,0.00,1384,111.08,116.33,26.65,125.68,120.73,196.23,42.86,70.09,28.12,98.21,28,6,B,B
7,East Malaysia,252076,,252076,OTOSTABIL SERVICES SDN BHD,Dlr,2S,0,0.00,0.00,0.00,,0.00,0.00,0.00,1662,96.97,117.98,29.14,100.30,97.56,73.08,105.72,63.58,33.55,97.13,32,7,B,B
8,East Malaysia,252081,,252081,MEGA TRADEWAY SDN BHD,Dlr,2S,0,0.00,0.00,0.00,,0.00,0.00,0.00,601,101.18,99.87,33.53,86.51,108.47,183.33,52.30,59.73,29.90,89.63,58,8,B,B
9,East Malaysia,252084,,252084,ERAZOOM PARTS & SERVICE CENTER SDN BHD,Dlr,2S,0,0.00,0.00,0.00,,0.00,0.00,0.00,1070,108.19,103.00,14.72,70.65,106.96,196.36,51.10,60.18,29.15,89.33,59,9,B,B
10,East Malaysia,251072,,251072,GENTING AUTO SDN BHD,Dlr,2S,0,0.00,0.00,0.00,,0.00,0.00,0.00,1531,103.80,106.05,27.43,92.29,121.84,194.96,32.87,63.41,25.68,89.09,60,10,B,B
11,East Malaysia,252092,,252092,SWIFT BILLION SDN.BHD,Dlr,2S,0,0.00,0.00,0.00,,0.00,0.00,0.00,427,104.91,120.07,0.00,117.96,101.37,134.48,34.62,67.44,19.07,86.51,67,11,B,B
12,East Malaysia,251073,,251073,PERFECT CARE CENTRE SDN BHD,Dlr,2S,0,0.00,0.00,0.00,,0.00,0.00,0.00,1061,104.12,114.00,28.49,85.43,95.50,132.14,46.68,62.39,24.05,86.44,68,12,B,B
13,East Malaysia,252096,,252096,GAMMA AUTOMOBILE SDN BHD (SRI AMAN),Dlr,2S,0,0.00,0.00,0.00,,0.00,0.00,0.00,819,100.49,119.67,20.93,72.71,103.61,85.71,49.55,62.68,20.42,83.10,71,13,B,B
14,East Malaysia,252080,,252080,SINAR MAHAJAYA SDN BHD,Dlr,2S,0,0.00,0.00,0.00,,0.00,0.00,0.00,615,103.71,117.10,37.32,54.48,135.11,43.75,46.69,63.83,17.69,81.53,73,14,B,B
15,East Malaysia,252091,,252091,KAPIT MOTOR SDN BHD,Dlr,2S,0,0.00,0.00,0.00,,0.00,0.00,0.00,294,101.03,97.85,21.52,52.21,96.10,85.71,53.58,55.02,21.44,76.46,75,15,B,B
16,East Malaysia,625104,,625104,LABUAN,Brh,2S,0,0.00,0.00,0.00,,0.00,0.00,0.00,,133.80,125.78,0.00,0.00,0.00,0.00,0.00,54.27,0.00,54.27,79,16,D,D
1,Northern,523303,PSSB JURU,623303,JURU,Brh,3S,229,119.90,158.86,136.70,,113.16,171.25,130.00,2403,109.23,102.32,24.88,142.76,96.13,196.34,130.39,83.30,44.33,127.63,2,1,A,A
2,Northern,132012,TRIUMPH POINT (M) SDN BHD,232025,TRIUMPH POINT (M) SDN BHD,Dlr,3S,276,100.73,137.21,140.06,,62.65,79.84,0.00,1508,169.63,182.71,40.90,108.64,168.12,200.00,115.14,72.72,43.91,116.63,8,3,A,A
3,Northern,523602,PSSB TAIPING,623602,TAIPING,Brh,3S,195,103.18,126.17,151.48,,91.84,127.92,90.00,1857,106.18,103.50,27.58,106.36,115.57,195.56,96.46,70.23,42.09,112.32,15,4,A,A
4,Northern,132008,EDARAN SG. KOROK SDN BHD,232003,EDARAN SG. KOROK SDN BHD,Dlr,3S,165,123.13,126.73,160.82,,90.00,130.42,142.86,1213,100.17,90.53,22.38,58.51,96.59,190.48,53.30,72.98,37.40,110.38,17,5,A,A
5,Northern,523603,PSSB IPOH 2,623603,IPOH 2,Brh,3S,127,104.10,162.15,145.01,,90.11,123.68,65.38,2321,109.02,106.35,34.84,109.99,103.68,198.07,50.59,72.06,36.19,108.25,22,6,A,A
6,Northern,133021,AUTOBINEE SDN BHD,233022,AUTOBINEE SDN BHD (GELUGOR),Dlr,3S,133,100.76,73.38,118.89,,74.36,256.39,0.00,950,136.89,126.84,47.46,49.88,115.58,190.48,45.56,69.05,32.64,101.68,39,10,A,B
7,Northern,133023,SARINANI MOTORS SDN BHD,233008,SARINANI MOTORS SDN BHD,Dlr,3S,196,105.38,114.84,123.96,,112.96,67.03,0.00,1785,123.96,99.98,37.43,78.85,102.84,200.00,57.39,61.86,34.68,96.54,55,11,A,A
8,Northern,121076,DMM SALES SDN BHD(BUTTERWRTH),233010,DMM SALES SDN BHD (BUTTERWORTH),Dlr,3S,210,105.53,82.69,147.48,,123.21,138.91,0.00,1089,94.37,97.05,34.76,59.52,89.61,195.56,44.96,59.09,35.67,94.75,59,12,A,A
9,Northern,132011,MBM DISTRIBUTORS SDN BHD,232002,MBM DISTRIBUTORS SDN BHD,Dlr,3S,142,105.97,113.67,144.50,,57.78,45.11,0.00,1268,106.20,99.18,30.58,63.79,102.85,186.11,56.78,53.99,36.03,90.03,69,14,A,A
10,Northern,136211,HAJOON SDN BHD KUALA KANGSAR (KKSR),236030,HAJOON SDN BHD KUALA KANGSAR,Dlr,3S,144,100.70,120.01,137.46,,38.30,17.92,0.00,1343,111.45,103.46,38.34,66.90,109.38,195.79,52.17,52.03,35.52,87.55,79,16,A,C
11,Northern,133160,PERSADA TEKNIK SDN BHD,233020,PERSADA TEKNIK SDN BHD,Dlr,3S,240,109.59,128.55,110.63,,31.58,38.13,0.00,1321,107.31,106.18,23.04,71.29,107.22,196.83,56.70,54.51,32.04,86.56,81,17,A,B
12,Northern,121077,DMM SALES SDN BHD(IPOH),236016,DMM SALES SDN BHD (IPOH),Dlr,3S,130,80.75,93.66,117.20,,97.96,79.64,0.00,1161,94.16,85.83,37.14,87.95,72.63,200.00,44.95,51.42,32.31,83.74,84,18,A,D
13,Northern,136212,NCC AUTOMOBILE SDN BHD ,236024,NCC AUTOMOBILE SDN BHD ,Dlr,3S,141,102.92,142.86,47.55,,57.14,91.39,0.00,1285,105.41,111.83,34.46,100.24,123.97,195.51,53.49,61.59,24.45,86.04,91,21,B,B
14,Northern,131035,LAYTAC AUTO SND BHD,231001,LAYTAC AUTO SDN BHD,Dlr,3S,122,100.83,103.98,51.72,,94.74,126.06,0.00,1790,109.08,103.95,34.70,87.73,99.59,196.58,44.86,61.24,23.97,85.22,94,22,B,B
15,Northern,136031,HIGHSTAGE MARKETING(M) SDN BHD,236015,HIGHSTAGE MARKETING (M) SDN BHD,Dlr,3S,116,103.57,87.07,108.83,,50.00,130.61,0.00,1327,103.75,100.63,45.52,105.25,130.99,27.27,47.51,58.13,22.97,81.10,105,23,B,B
16,Northern,136034,SRI MANJUNG AUTO SDN BHD,236014,SRI MANJUNG AUTO SDN BHD,Dlr,3S,160,92.49,84.96,45.61,,71.88,80.28,0.00,1613,103.27,101.10,38.11,87.35,93.14,195.96,35.65,52.77,22.24,75.02,111,24,B,D
17,Northern,132165,BERINGIN AUTOMOBIL SDN BHD,232014,BERINGIN AUTOMOBILE,Dlr,3S,179,100.00,121.58,156.96,,6.06,18.06,0.00,1407,108.48,100.18,33.36,56.37,110.48,194.00,55.93,49.20,38.02,87.22,114,25,C,C
18,Northern,136213,KIAM FATT MOTOR SDN BHD (SERI ISKANDAR),236026,KIAM FATT MOTOR SDN BHD (Sri Iskandar),Dlr,3S,96,77.42,43.91,134.34,,37.50,45.83,0.00,1167,105.80,106.18,24.83,114.14,97.36,192.86,46.19,43.84,33.54,77.39,120,26,C,C
19,Northern,133020,AUTO WANGI SDN BHD,233006,AUTO WANGI SDN BHD,Dlr,3S,128,101.59,88.80,56.62,,0.00,1.67,33.33,1488,103.33,93.22,29.43,57.38,112.38,197.98,53.51,46.12,25.43,71.55,124,28,D,D
20,Northern,523601,PSSB IPOH,623601,IPOH,Brh,1+2S,154,118.46,176.15,156.77,,101.15,130.87,107.41,2111,110.99,100.32,31.29,167.72,124.29,198.52,51.22,81.82,37.54,119.36,5,2,A,A
21,Northern,523302,PSSB PRAI,623301,PRAI,Brh,1+2S,133,133.00,115.92,129.51,,105.71,122.84,128.57,2058,102.24,93.07,33.98,85.01,80.79,189.06,56.86,73.51,34.54,108.05,23,7,A,A
22,Northern,523203,PSSB SG. PETANI,623203,SG PETANI,Brh,1+2S,190,104.97,140.90,140.74,,86.75,110.14,118.42,2755,104.32,101.38,39.63,112.15,111.35,186.47,53.76,72.00,35.70,107.70,24,8,A,A
23,Northern,523301,PSSB PENANG,623302,PENANG,Brh,1+2S,143,114.40,126.38,125.59,,89.61,134.07,111.54,2194,101.48,97.42,34.37,96.54,92.30,196.20,48.60,71.48,33.44,104.92,34,9,A,A
24,Northern,132010,JOHAN BEST SDN BHD,232004,JOHAN BEST SDN BHD,Dlr,1+2S,202,103.06,123.95,124.85,,75.51,104.38,0.00,1438,107.23,99.82,32.12,71.70,102.03,200.00,48.91,60.01,33.47,93.48,61,13,A,A
25,Northern,136032,KIAM FATT MOTOR SDN BHD,236011,KIAM FATT MOTOR SDN BHD,Dlr,1+2S,192,102.67,28.59,142.66,,91.30,129.38,0.00,1712,107.13,106.61,28.95,94.79,96.47,200.00,51.46,54.09,35.80,89.89,70,15,A,A
26,Northern,523201,PSSB ALOR SETAR,623201,ALOR SETAR,Brh,1+2S,126,122.33,125.94,149.52,,79.41,107.23,100.00,2167,99.91,94.49,37.39,118.45,95.70,57.86,53.66,69.83,29.89,99.72,89,19,B,A
27,Northern,136029,ABI MOTORS SDN BHD,236012,ABI MOTORS SDN BHD,Dlr,1+2S,186,100.00,126.31,60.45,,89.58,97.71,0.00,1088,114.65,104.91,27.65,73.59,112.91,200.00,48.53,61.86,25.30,87.17,90,20,B,B
28,Northern,523204,PSSB LANGKAWI (E7),623202,"SS QSS, LANGKAWI",Brh,1+2S,25,100.00,107.71,27.64,,0.00,140.00,0.00,474,105.10,101.75,22.37,0.00,0.00,182.46,64.28,49.57,22.01,71.59,123,27,D,D
1,Northern,133022,DUARIA SDN BHD,222222,,Dlr,1S,134,103.08,94.73,122.59,,153.33,396.39,0.00,0,0.00,0.00,0.00,0.00,0.00,0.00,0.00,92.63,36.78,129.41,2,1,A,A
2,Northern,523101,PSSB JITRA,666666,,Brh,1S,117,117.00,123.17,135.34,,89.23,104.46,180.95,0,0.00,0.00,0.00,0.00,0.00,0.00,0.00,87.49,40.60,128.09,3,2,A,C
3,Northern,132157,WANRICH GLORY SDN BHD,222222,,Dlr,1S,151,102.72,136.93,124.59,,125.00,326.67,0.00,0,0.00,0.00,0.00,0.00,0.00,0.00,0.00,88.17,37.38,125.54,5,3,A,A
4,Northern,136152,OTOMOBIL MALIM JAYA SDN BHD,222222,,Dlr,1S,136,100.74,136.19,152.72,,53.13,68.33,0.00,0,0.00,0.00,0.00,0.00,0.00,0.00,0.00,52.98,45.82,98.79,17,4,C,C
5,Northern,132009,EVERTHREE (M) SDN BHD,222222,,Dlr,1S,150,106.38,150.42,131.49,,48.89,70.56,0.00,0,0.00,0.00,0.00,0.00,0.00,0.00,0.00,55.94,39.45,95.39,20,5,C,C
6,Northern,136030,DUGA SAGA SDN BHD,222222,,Dlr,1S,121,104.31,109.64,124.11,,15.63,42.67,0.00,0,0.00,0.00,0.00,0.00,0.00,0.00,0.00,43.38,37.23,80.61,31,6,C,C
7,Northern,133118,MAZRA SDN BHD,222222,,Dlr,1S,112,104.67,124.84,129.12,,0.00,13.33,0.00,0,0.00,0.00,0.00,0.00,0.00,0.00,0.00,40.86,38.74,79.59,34,7,C,C
8,Northern,136033,LIM TAI MING & SONS SDN BHD,222222,,Dlr,1S,115,100.00,105.17,127.24,,0.00,0.00,0.00,0,0.00,0.00,0.00,0.00,0.00,0.00,0.00,35.72,38.17,73.90,39,8,C,C
9,Northern,136150,EZY REMARKS SDN BHD,222222,,Dlr,1S,137,102.24,143.39,107.85,,42.86,92.50,0.00,0,0.00,0.00,0.00,0.00,0.00,0.00,0.00,55.76,32.36,88.11,43,9,D,D
1,Northern,233015,,233015,NT AUTO SERVICE,Dlr,2S,0,0.00,0.00,0.00,,0.00,0.00,0.00,1751,103.92,100.44,40.26,295.50,100.18,197.80,43.81,78.42,29.56,107.98,11,1,B,B
2,Northern,236028,,236028,N.T AUTO SERVICE SDN BHD (BAGAN SERAI),Dlr,2S,0,0.00,0.00,0.00,,0.00,0.00,0.00,1033,106.94,121.69,39.15,179.24,127.02,196.43,46.13,76.02,29.92,105.94,14,2,B,B
3,Northern,233023,,233023,SARINANI MOTORS SDN BHD (BATU KAWAN),Dlr,2S,0,0.00,0.00,0.00,,0.00,0.00,0.00,647,147.05,141.32,58.24,68.69,151.00,73.33,59.16,80.16,24.72,104.88,15,3,B,B
4,Northern,233007,,233007,AUTOBINEE SDN BHD,Dlr,2S,0,0.00,0.00,0.00,,0.00,0.00,0.00,1754,140.32,135.61,23.91,76.84,115.24,197.56,43.73,75.09,28.21,103.30,18,4,B,B
5,Northern,236023,,236023,OPERASI KEMBARA SDN BHD,Dlr,2S,0,0.00,0.00,0.00,,0.00,0.00,0.00,1502,108.92,121.94,33.04,117.67,145.96,186.05,47.52,72.60,28.93,101.53,21,5,B,B
6,Northern,623204,,623204,KULIM ,Brh,2S,0,0.00,0.00,0.00,,0.00,0.00,0.00,2073,104.70,110.53,29.82,129.24,124.88,190.11,53.75,68.24,30.50,98.74,26,6,B,B
7,Northern,232023,,232023,JOHAN BEST SDN BHD (Baling),Dlr,2S,0,0.00,0.00,0.00,,0.00,0.00,0.00,853,106.49,114.86,21.40,91.94,155.67,183.33,51.42,69.02,28.72,97.74,31,7,B,B
8,Northern,232010,,232010,MASHUR BISTARI SDN BHD,Dlr,2S,0,0.00,0.00,0.00,,0.00,0.00,0.00,1964,96.89,102.23,42.27,133.97,116.54,200.00,53.88,64.52,32.31,96.83,33,8,B,B
9,Northern,233016,,233016,KEJURUTERAAN ANGGERIK HARUM,Dlr,2S,0,0.00,0.00,0.00,,0.00,0.00,0.00,1572,103.22,100.75,40.53,127.79,136.88,195.56,36.97,66.58,27.76,94.34,42,9,B,B
10,Northern,233051,,233051,KELANA AGRESIF AUTOMART SDN BHD,Dlr,2S,0,0.00,0.00,0.00,,0.00,0.00,0.00,1321,100.84,102.73,37.83,112.55,117.45,200.00,48.66,63.51,30.70,94.21,43,10,B,B
11,Northern,224096,,224096,NCC AUTOMOBILE SDN BHD (CAMERON HIGHLAND),Dlr,2S,0,0.00,0.00,0.00,,0.00,0.00,0.00,250,100.81,129.49,20.75,170.53,101.43,70.00,26.04,73.70,13.51,87.21,65,11,B,B
1,Southern,524102,PSSB MUAR,624102,MUAR,Brh,3S,160,119.40,296.24,158.28,,131.71,152.08,142.86,1835,105.70,100.00,33.81,95.31,104.78,182.22,51.59,95.63,37.05,132.68,1,1,A,A
2,Southern,524201,PSSB MELAKA,624201,MELAKA,Brh,3S,156,109.86,268.89,117.90,,113.43,112.85,100.00,1966,103.42,94.39,38.99,85.21,124.72,193.44,43.09,85.04,31.92,116.97,7,2,A,A
3,Southern,524103,PSSB (JB2) - TAMAN PUTERA,624103,JOHOR BHARU 2,Brh,3S,269,107.17,181.18,133.66,,109.23,150.83,124.53,2801,106.87,105.65,34.27,103.65,102.28,192.31,56.45,80.61,35.18,115.80,10,3,A,A
4,Southern,522302,PSSB SENAWANG,622301,SEREMBAN,Brh,3S,124,116.98,136.97,163.46,,132.73,132.89,72.73,3061,108.55,100.63,41.68,131.96,118.87,195.63,58.15,76.09,39.61,115.69,11,4,A,A
5,Southern,121129,DMM SALES SDN BHD(SEREMBAN 2),223051,DMM SALES SDN BHD (SEREMBAN),Dlr,3S,134,107.20,141.33,172.78,,97.78,106.94,0.00,1526,100.26,106.35,38.67,70.19,130.59,198.04,49.11,64.04,39.61,103.65,37,9,A,A
6,Southern,121080,DMM SALES SDN BHD(MELAKA),242042,DMM SALES SDN BHD (MELAKA),Dlr,3S,162,110.96,167.87,157.14,,91.67,57.71,0.00,1323,101.69,93.04,39.86,74.52,125.85,188.10,44.80,63.26,36.71,99.96,43,10,A,A
7,Southern,142020,GT PREMIUM SDN BHD,242052,GT PREMIUM AUTO SDN. BHD.,Dlr,3S,103,110.75,141.33,118.19,,54.55,93.33,0.00,1354,105.12,98.49,30.22,107.07,141.46,194.52,49.87,62.73,32.39,95.12,58,12,A,A
8,Southern,142022,KULAI SPEED AUTO SERVICES SDN. BHD.,241044,KULAI SPEED AUTO SDN BHD,Dlr,3S,128,103.23,115.44,131.17,,91.67,67.22,0.00,1069,110.55,91.87,21.45,51.92,134.59,83.56,107.70,58.42,34.77,93.20,63,13,A,A
9,Southern,121161,DMM SALES SDN BHD(BATU PAHAT),241071,DMM SALES SDN BHD (BATU PAHAT),Dlr,3S,99,103.13,128.53,125.81,,80.65,69.58,0.00,831,89.94,100.61,30.94,67.54,112.75,191.49,50.63,56.52,33.29,89.82,71,14,A,B
10,Southern,121079,DMM SALES SDN BHD(JB),241049,DMM SALES SDN BHD (JOHOR BAHRU),Dlr,3S,113,74.34,117.09,133.42,,67.39,75.56,0.00,1193,98.19,100.13,48.43,107.04,143.73,196.33,48.79,54.54,35.17,89.71,73,15,A,A
11,Southern,142021,HOON TIAN SDN BHD,241048,HOON TIAN MOTOR SDN BHD,Dlr,3S,136,101.49,129.59,49.80,,57.14,51.67,0.00,1397,110.17,111.26,45.15,82.67,160.59,186.84,53.36,58.75,24.82,83.56,96,17,B,B
12,Southern,142019,G-MART HOLDINGS SDN BHD (PASIR GUDANG),241053,G-MART HOLDINGS SDN BHD (PASIR GUDANG),Dlr,3S,118,105.36,116.32,48.59,,71.43,51.67,0.00,1363,118.63,102.76,52.65,109.36,136.60,195.12,37.57,59.79,23.56,83.36,97,18,B,B
13,Southern,141170,FABULOUS AUTO SDN BHD,241116,FABULOUS AUTO SDN BHD,Dlr,3S,174,100.00,122.33,47.42,,48.28,47.50,0.00,683,105.08,105.80,51.50,94.39,74.61,84.21,128.47,53.74,28.67,82.42,101,19,B,D
14,Southern,141111,EDARAN OTOMOBIL KASAWARI S/B,241109,EDARAN OTOMOBIL KASAWARI SDN BHD,Dlr,3S,119,86.23,91.51,113.06,,52.94,76.11,0.00,1232,116.78,119.26,32.46,94.70,141.84,79.75,54.06,55.27,26.36,81.63,103,20,B,B
15,Southern,141159,AVANSTAR RESOURCES SDN BHD,241110,AVANSTAR RESOURCES SDN BHD,Dlr,3S,336,101.82,104.98,55.32,,36.73,86.56,0.00,1991,115.82,115.28,41.27,81.61,118.80,188.65,46.84,56.80,24.59,81.39,104,21,B,B
16,Southern,142023,AUTOPATH SDN BHD,241054,AUTOPATH SDN BHD,Dlr,3S,110,103.77,90.63,63.35,,62.50,37.08,0.00,939,105.51,103.85,41.87,90.58,107.31,189.87,49.91,52.32,26.04,78.36,106,22,B,B
17,Southern,142026,RODA JUARA AUTOMOBILE SDN BHD (BUKIT GAMBIR),242051,RODA JUARA AUTOMOBILE (BKT GAMBIR),Dlr,3S,51,113.33,164.36,0.00,,0.00,0.00,0.00,859,117.67,116.01,31.87,107.85,158.04,200.00,61.78,58.47,19.74,78.21,108,23,B,B
18,Southern,142024,HUNG TIAN ENTERPRISE SDN BHD,241047,HUNG TIAN MOTOR SDN BHD,Dlr,3S,115,96.64,111.52,61.96,,21.43,23.33,0.00,1355,119.17,111.09,42.65,76.10,131.27,200.00,44.62,52.19,25.80,77.98,109,24,B,D
19,Southern,141095,CONSOMAC SDN BHD,241115,CONSOMAC SDN BHD,Dlr,3S,138,86.25,88.52,52.91,,86.67,109.17,0.00,1183,104.88,119.20,50.25,56.03,113.93,84.82,48.10,55.60,19.46,75.07,110,25,B,B
20,Southern,141008,HARAPAN TERANG MOTOR SDN BHD,241072,HARAPAN TERANG MOTOR SDN BHD,Dlr,3S,112,105.66,134.67,59.01,,5.88,8.75,0.00,1002,107.63,101.82,22.01,69.40,116.15,80.00,47.17,51.15,18.36,69.51,112,26,B,D
21,Southern,141098,TEXAJAYA SDN BHD,241114,TEXAJAYA SDN BHD,Dlr,3S,156,90.70,110.91,127.34,,30.61,20.21,0.00,989,109.04,105.33,56.10,63.55,102.70,200.00,53.23,48.91,35.57,84.47,115,27,C,A
22,Southern,524106,PSSB JOHOR BHARU 3,624106,JOHOR BHARU 3,Brh,1+2S,131,111.97,150.29,129.71,,81.25,121.09,92.00,1716,106.39,108.00,38.89,162.17,121.48,194.84,53.62,74.90,34.73,109.63,18,5,A,A
23,Southern,524107,PSSB KULAI (JB4),624107,JOHOR BHARU 4,Brh,1+2S,153,113.33,142.89,130.21,,115.71,112.93,117.86,1643,103.66,106.52,37.61,118.89,115.10,194.74,46.51,75.73,33.85,109.58,19,6,A,A
24,Southern,524101,PSSB (JB1) -  JALAN PETALING,624101,JOHOR BHARU 1,Brh,1+2S,239,104.37,132.52,148.59,,119.09,126.67,110.42,2491,101.76,97.06,46.28,120.33,90.18,191.45,46.67,72.86,36.40,109.26,20,7,A,A
25,Southern,524105,PSSB KLUANG,624105,KLUANG,Brh,1+2S,124,124.00,140.95,93.72,,114.93,92.04,114.29,1655,107.33,97.05,55.71,117.19,107.42,200.00,50.93,75.15,31.14,106.30,29,8,A,A
26,Southern,123019,SETIA NAMUS AUTOMOBIL SDN BHD,223040,SETIA NAMUS AUTOMOBILE SDN BHD,Dlr,1+2S,155,100.00,140.88,133.87,,81.58,104.17,0.00,1689,108.76,105.73,39.19,95.59,109.38,191.30,48.43,63.05,34.43,97.48,52,11,A,A
27,Southern,524104,PSSB BATU PAHAT,624104,BATU PAHAT,Brh,1+2S,193,108.43,131.92,60.41,,113.59,144.17,75.68,2070,109.41,96.98,41.80,100.11,123.04,197.02,54.15,73.26,26.57,99.83,88,16,B,B
28,Southern,142016,BUMIRAYA MOTOR SDN BHD,242041,BUMIRAYA MOTOR SDN BHD,Dlr,1+2S,85,59.86,68.79,164.31,,41.46,45.00,0.00,1335,104.54,101.51,29.71,93.65,104.09,191.89,42.49,43.42,36.97,80.39,117,28,C,C
29,Southern,123018,C & C AUTOMOBILE SDN BHD,223039,C & C AUTOMOBILE SDN BHD,Dlr,1+2S,138,100.00,120.65,58.70,,12.90,6.67,0.00,1886,105.72,94.21,54.99,83.10,129.40,197.92,42.88,49.75,25.72,75.47,121,29,D,D
1,Southern,522301,PSSB SEREMBAN,666666,,Brh,1S,199,108.74,108.91,133.96,,75.21,98.72,57.89,0,0.00,0.00,0.00,0.00,0.00,0.00,0.00,64.45,40.19,104.64,13,1,A,C
2,Southern,141002,MH JAYA SDN BHD,222222,,Dlr,1S,138,110.40,177.66,52.30,,84.44,97.78,0.00,0,0.00,0.00,0.00,0.00,0.00,0.00,0.00,67.19,15.69,82.88,16,2,B,B
3,Southern,123099,SIRI ETIKA SDN BHD,222222,,Dlr,1S,113,107.62,132.96,139.94,,48.57,92.08,0.00,0,0.00,0.00,0.00,0.00,0.00,0.00,0.00,55.98,41.98,97.97,18,3,C,C
4,Southern,141005,MENAIK MAJU SDN BHD,222222,,Dlr,1S,123,100.00,159.14,162.13,,15.79,17.50,0.00,0,0.00,0.00,0.00,0.00,0.00,0.00,0.00,46.77,48.64,95.41,19,4,C,C
5,Southern,142017,RODA JUARA SDN BHD,222222,,Dlr,1S,345,100.00,143.39,107.00,,56.04,108.59,0.00,0,0.00,0.00,0.00,0.00,0.00,0.00,0.00,58.36,32.10,90.46,41,5,D,D
6,Southern,123107,S.L. AUTOMOBILE SDN BHD,222222,,Dlr,1S,184,103.96,172.01,113.94,,34.09,55.21,0.00,0,0.00,0.00,0.00,0.00,0.00,0.00,0.00,55.29,34.18,89.47,42,6,D,C
7,Southern,123144,OTOMOBIL SEJATI SDN BHD,222222,,Dlr,1S,204,102.00,89.68,115.97,,66.00,74.64,0.00,0,0.00,0.00,0.00,0.00,0.00,0.00,0.00,48.74,34.79,83.53,45,7,D,D
8,Southern,141106,SIJORI AUTO SDN BHD,222222,,Dlr,1S,183,100.00,132.85,54.76,,55.32,73.33,0.00,0,0.00,0.00,0.00,0.00,0.00,0.00,0.00,53.11,16.43,69.54,53,8,D,D
9,Southern,123092,SEMBILANBELAS JAYA SDN BHD,222222,,Dlr,1S,110,73.33,105.33,110.30,,10.00,20.83,0.00,0,0.00,0.00,0.00,0.00,0.00,0.00,0.00,33.38,33.09,66.47,55,9,D,D
10,Southern,142025,MESIZAMAN AUTO (M) SDN BHD,222222,,Dlr,1S,70,100.00,112.29,94.40,,0.00,11.25,0.00,0,0.00,0.00,0.00,0.00,0.00,0.00,0.00,37.90,28.32,66.22,57,10,D,D
11,Southern,141110,FUMIGAWA MOTOR SDN BHD,222222,,Dlr,1S,112,100.90,119.60,49.40,,10.00,1.25,0.00,0,0.00,0.00,0.00,0.00,0.00,0.00,0.00,39.11,14.82,53.93,65,11,D,D
12,Southern,141007,MARCHE AUTO SDN BHD,222222,,Dlr,1S,148,81.77,102.69,49.04,,0.00,1.88,0.00,0,0.00,0.00,0.00,0.00,0.00,0.00,0.00,31.74,14.71,46.46,67,12,D,D
1,Southern,223048,,223048,PRIMA KEMBARA SDN BHD,Dlr,2S,0,0.00,0.00,0.00,,0.00,0.00,0.00,2846,113.93,120.00,32.74,119.87,132.43,192.59,118.32,72.01,46.42,118.44,2,1,A,A
2,Southern,241045,,241045,MENAIK MAJU PARTS & SERVICE SDN BHD,Dlr,2S,0,0.00,0.00,0.00,,0.00,0.00,0.00,1302,104.33,103.10,16.29,113.62,116.46,197.10,141.17,64.23,50.95,115.18,3,2,A,A
3,Southern,624108,,624108,JOHOR BHARU 5,Brh,2S,0,0.00,0.00,0.00,,0.00,0.00,0.00,1175,100.86,108.78,34.16,118.50,140.49,182.95,106.22,67.57,42.86,110.43,4,3,A,B
4,Southern,241052,,241052,OSCAR STATION SDN BHD,Dlr,2S,0,0.00,0.00,0.00,,0.00,0.00,0.00,1018,107.27,120.71,54.57,136.20,128.40,197.59,43.41,72.09,30.59,102.68,19,4,B,B
5,Southern,223050,,223050,KLINIK KERETA TWO SDN DHD,Dlr,2S,0,0.00,0.00,0.00,,0.00,0.00,0.00,1238,109.56,115.56,34.73,78.86,150.44,197.44,37.92,68.09,27.67,95.77,37,5,B,B
6,Southern,241058,,241058,AUTOPATH SDN BHD (SUB OUTLET),Dlr,2S,0,0.00,0.00,0.00,,0.00,0.00,0.00,691,116.33,117.44,27.19,117.10,166.93,85.19,49.89,74.69,20.96,95.65,39,6,B,B
7,Southern,242045,,242045,MESIZAMAN AUTO (M) SDN BHD,Dlr,2S,0,0.00,0.00,0.00,,0.00,0.00,0.00,1363,122.35,128.62,29.81,136.45,121.71,35.14,52.07,76.13,17.69,93.82,45,7,B,B
8,Southern,223047,,223047,KLINIK KERETA TAMPIN SDN BHD,Dlr,2S,0,0.00,0.00,0.00,,0.00,0.00,0.00,1576,106.27,103.31,32.58,95.77,103.24,200.00,48.42,61.83,30.23,92.06,52,8,B,B
9,Southern,241098,,241098,FUMIGAWA AUTO SERVICE SDN BHD,Dlr,2S,0,0.00,0.00,0.00,,0.00,0.00,0.00,623,109.68,103.11,34.56,62.84,110.98,200.00,42.09,60.13,28.86,89.00,61,9,B,B
10,Southern,223049,,223049,LUKUT KIM YONG MOTOR SDN BHD,Dlr,2S,0,0.00,0.00,0.00,,0.00,0.00,0.00,1045,106.20,100.70,45.24,92.35,164.15,67.02,48.91,66.37,20.72,87.09,66,10,B,B
11,Southern,242046,,242046,RODA JUARA AUTOMOBILE,Dlr,2S,0,0.00,0.00,0.00,,0.00,0.00,0.00,1360,107.94,90.66,34.09,54.03,107.49,182.93,41.79,55.73,27.39,83.12,70,11,B,B
12,Southern,241107,,241107,SIJORI AUTO SERVICES SDN BHD,Dlr,2S,0,0.00,0.00,0.00,,0.00,0.00,0.00,1180,102.88,93.01,25.25,55.36,101.58,197.14,128.20,54.96,48.56,103.52,76,12,C,C
